X,Y,Z
-8, -13, 60
-8, -14, 59
-9, -14, 59
-9, -14, 58
-9, -15, 58
-9, -15, 57
-9, -16, 57
-10, -16, 56
-10, -16, 56
-10, -17, 55
-10, -17, 55
-11, -18, 55
-11, -18, 54
-11, -19, 54
-12, -19, 53
-12, -20, 53
-12, -21, 53
-13, -21, 52
-13, -22, 52
-13, -22, 52
-14, -23, 51
-14, -24, 51
-14, -24, 51
-15, -25, 51
-15, -26, 51
-16, -27, 50
-16, -27, 50
-16, -28, 50
-17, -29, 50
-17, -30, 50
-18, -31, 50
-18, -32, 50
-19, -33, 50
-19, -34, 50
-20, -35, 50
-21, -36, 50
-21, -37, 50
-22, -38, 51
-22, -39, 51
-23, -40, 51
-24, -41, 51
-24, -43, 52
-25, -44, 52
-26, -45, 53
-27, -46, 53
-27, -48, 54
-28, -49, 55
-29, -50, 55
-30, -52, 56
-31, -53, 57
-32, -54, 58
-32, -56, 59
-33, -57, 60
-34, -59, 61
-35, -60, 63
-36, -62, 64
-37, -63, 65
-38, -64, 67
-39, -66, 69
-40, -67, 70
-41, -69, 72
-42, -70, 74
-43, -71, 76
-45, -72, 78
-46, -73, 81
-47, -74, 83
-48, -75, 85
-49, -76, 88
-50, -77, 91
-51, -78, 93
-52, -79, 96
-53, -79, 99
-54, -79, 102
-55, -79, 105
-56, -80, 108
-57, -79, 111
-58, -79, 115
-59, -79, 118
-59, -78, 121
-60, -77, 124
-61, -76, 127
-61, -75, 131
-62, -73, 134
-62, -72, 137
-63, -70, 139
-63, -68, 142
-63, -66, 145
-63, -64, 147
-63, -61, 150
-63, -59, 152
-63, -56, 154
-63, -53, 156
-62, -50, 157
-62, -47, 158
-61, -44, 160
-61, -41, 161
-60, -38, 161
-59, -35, 162
-58, -32, 162
-57, -29, 162
-56, -26, 162
-55, -23, 162
-54, -21, 161
-52, -18, 161
-51, -15, 160
-50, -13, 159
-48, -11, 158
-47, -8, 157
-45, -6, 155
-44, -4, 154
-42, -3, 153
-41, -1, 151
-39, 1, 149
-38, 2, 148
-36, 3, 146
-34, 5, 145
-33, 6, 143
-31, 7, 141
-30, 7, 140
-28, 8, 138
-27, 9, 136
-26, 10, 134
-24, 10, 133
-23, 10, 131
-22, 11, 130
-20, 11, 128
-19, 11, 126
-18, 12, 125
-17, 12, 123
-16, 12, 122
-15, 12, 120
-14, 12, 119
-13, 12, 118
-12, 12, 116
-11, 12, 115
-10, 12, 114
-9, 12, 112
-8, 12, 111
-7, 12, 110
-6, 12, 108
-6, 12, 107
-5, 12, 106
-4, 12, 105
-4, 12, 104
-3, 12, 103
-3, 12, 102
-2, 12, 100
-2, 11, 99
-1, 11, 98
-1, 11, 97
0, 11, 96
0, 11, 95
1, 11, 94
1, 11, 93
2, 11, 92
2, 11, 91
2, 11, 90
3, 11, 90
3, 11, 89
3, 11, 88
4, 11, 87
4, 11, 86
4, 11, 85
5, 12, 84
5, 12, 84
5, 12, 83
5, 12, 82
6, 12, 81
6, 12, 80
6, 12, 80
6, 12, 79
7, 13, 78
7, 13, 77
7, 13, 77
7, 13, 76
7, 13, 75
8, 14, 75
8, 14, 74
8, 14, 73
8, 14, 73
9, 15, 72
9, 15, 71
9, 15, 71
9, 16, 70
10, 16, 70
10, 16, 69
10, 17, 68
10, 17, 68
11, 17, 67
11, 18, 67
11, 18, 66
11, 19, 66
12, 19, 65
12, 20, 65
12, 20, 65
13, 21, 64
13, 21, 64
13, 22, 63
14, 22, 63
14, 23, 63
14, 23, 62
15, 24, 62
15, 25, 62
15, 25, 61
16, 26, 61
16, 27, 61
17, 27, 61
17, 28, 61
17, 29, 60
18, 30, 60
18, 30, 60
19, 31, 60
19, 32, 60
20, 33, 60
20, 34, 60
21, 35, 60
21, 36, 60
22, 37, 60
22, 38, 61
23, 39, 61
24, 40, 61
24, 41, 61
25, 42, 62
26, 43, 62
26, 44, 63
27, 45, 63
28, 46, 64
28, 47, 64
29, 48, 65
30, 49, 66
31, 51, 66
31, 52, 67
32, 53, 68
33, 54, 69
34, 55, 70
35, 56, 71
36, 58, 73
36, 59, 74
37, 60, 75
38, 61, 77
39, 62, 78
40, 63, 80
41, 64, 81
42, 65, 83
43, 66, 85
44, 67, 87
44, 68, 89
45, 68, 91
46, 69, 93
47, 70, 95
48, 70, 98
49, 70, 100
50, 71, 102
51, 71, 105
51, 71, 107
52, 71, 110
53, 71, 112
54, 70, 115
54, 70, 117
55, 69, 120
55, 69, 122
56, 68, 125
56, 67, 127
57, 66, 130
57, 64, 132
57, 63, 134
58, 61, 137
58, 60, 139
58, 58, 141
58, 56, 142
58, 54, 144
58, 52, 146
57, 50, 147
57, 48, 149
57, 45, 150
56, 43, 151
56, 41, 152
55, 38, 152
55, 36, 153
54, 34, 153
53, 31, 153
52, 29, 153
51, 27, 153
50, 24, 153
49, 22, 153
48, 20, 152
47, 18, 152
46, 16, 151
45, 14, 150
44, 13, 149
42, 11, 148
41, 9, 147
40, 8, 146
39, 6, 145
37, 5, 144
36, 4, 142
35, 3, 141
34, 2, 140
32, 1, 138
31, 0, 137
30, -1, 135
29, -1, 134
28, -2, 133
26, -3, 131
25, -3, 130
24, -4, 128
23, -4, 127
22, -4, 125
21, -5, 124
20, -5, 123
19, -5, 121
18, -5, 120
17, -5, 119
16, -6, 117
15, -6, 116
15, -6, 115
14, -6, 113
13, -6, 112
12, -6, 111
12, -6, 110
11, -6, 108
10, -6, 107
10, -5, 106
9, -5, 105
9, -5, 104
8, -5, 103
7, -5, 102
7, -5, 100
7, -5, 99
6, -5, 98
6, -5, 97
5, -5, 96
5, -5, 95
4, -4, 94
4, -4, 93
4, -4, 92
3, -4, 91
3, -4, 90
3, -4, 89
3, -4, 88
2, -4, 87
2, -4, 86
2, -4, 85
2, -4, 85
1, -4, 84
1, -3, 83
1, -3, 82
1, -3, 81
1, -3, 80
1, -3, 79
0, -3, 79
0, -3, 78
0, -3, 77
0, -3, 76
0, -3, 75
0, -3, 75
0, -3, 74
0, -3, 73
-1, -3, 72
-1, -3, 71
-1, -3, 71
-1, -3, 70
-1, -3, 69
-1, -3, 68
-1, -3, 68
-1, -3, 67
-1, -3, 66
-1, -3, 66
-1, -3, 65
-1, -3, 64
-1, -3, 64
-2, -3, 63
-2, -3, 62
-2, -3, 62
-2, -3, 61
-2, -3, 60
-2, -3, 60
-2, -3, 59
-2, -3, 58
-2, -4, 58
-2, -4, 57
-2, -4, 57
-2, -4, 56
-2, -4, 56
-2, -4, 55
-2, -4, 54
-2, -4, 54
-2, -4, 53
-3, -4, 53
-3, -4, 52
-3, -4, 52
-3, -5, 51
-3, -5, 51
-3, -5, 50
-3, -5, 49
-3, -5, 49
-3, -5, 48
-3, -5, 48
-3, -6, 47
-3, -6, 47
-3, -6, 47
-4, -6, 46
-4, -6, 46
-4, -6, 45
-4, -7, 45
-4, -7, 44
-4, -7, 44
-4, -7, 43
-4, -7, 43
-4, -8, 42
-5, -8, 42
-5, -8, 42
-5, -8, 41
-5, -9, 41
-5, -9, 40
-5, -9, 40
-5, -10, 40
-6, -10, 39
-6, -10, 39
-6, -10, 39
-6, -11, 38
-6, -11, 38
-6, -12, 38
-7, -12, 37
-7, -12, 37
-7, -13, 37
-7, -13, 36
-8, -14, 36
-8, -14, 36
-8, -15, 35
-8, -15, 35
-9, -16, 35
-9, -16, 35
-9, -17, 34
-9, -17, 34
-10, -18, 34
-10, -19, 34
-10, -19, 34
-11, -20, 33
-11, -21, 33
-11, -21, 33
-12, -22, 33
-12, -23, 33
-13, -24, 33
-13, -25, 33
-14, -25, 33
-14, -26, 33
-14, -27, 33
-15, -28, 33
-15, -29, 33
-16, -30, 33
-17, -31, 33
-17, -32, 33
-18, -34, 33
-18, -35, 33
-19, -36, 34
-20, -37, 34
-20, -39, 34
-21, -40, 35
-22, -41, 35
-23, -43, 35
-23, -44, 36
-24, -46, 37
-25, -47, 37
-26, -49, 38
-27, -51, 39
-28, -52, 40
-29, -54, 41
-30, -56, 42
-31, -57, 43
-32, -59, 44
-33, -61, 45
-34, -63, 47
-35, -65, 48
-36, -67, 50
-37, -69, 52
-39, -70, 54
-40, -72, 56
-41, -74, 58
-42, -76, 60
-44, -78, 63
-45, -80, 65
-46, -81, 68
-48, -83, 71
-49, -84, 74
-51, -86, 77
-52, -87, 81
-53, -88, 84
-55, -90, 88
-56, -90, 91
-57, -91, 95
-59, -92, 99
-60, -92, 104
-61, -92, 108
-62, -92, 112
-64, -92, 116
-65, -91, 121
-66, -90, 125
-67, -89, 130
-68, -87, 134
-68, -85, 138
-69, -83, 142
-70, -81, 147
-70, -78, 150
-70, -75, 154
-70, -72, 158
-71, -69, 161
-70, -65, 164
-70, -61, 167
-70, -57, 169
-69, -53, 171
-69, -49, 173
-68, -45, 174
-67, -40, 175
-66, -36, 176
-65, -32, 176
-64, -28, 177
-62, -23, 176
-61, -19, 176
-59, -16, 175
-57, -12, 174
-56, -8, 173
-54, -5, 172
-52, -2, 170
-50, 1, 168
-48, 4, 167
-46, 6, 165
-44, 9, 163
-42, 11, 161
-40, 13, 158
-38, 15, 156
-36, 16, 154
-34, 17, 152
-32, 19, 150
-30, 20, 148
-28, 21, 145
-26, 22, 143
-24, 22, 141
-22, 23, 139
-20, 23, 137
-19, 24, 135
-17, 24, 134
-15, 24, 132
-14, 25, 130
-12, 25, 128
-11, 25, 127
-10, 25, 125
-8, 25, 124
-7, 25, 122
-6, 25, 121
-4, 25, 119
-3, 25, 118
-2, 25, 117
-1, 25, 115
0, 24, 114
1, 24, 113
2, 24, 112
3, 24, 111
3, 24, 110
4, 24, 109
5, 24, 108
6, 24, 107
6, 24, 106
7, 24, 105
8, 24, 104
8, 24, 103
9, 24, 102
10, 24, 101
10, 24, 100
11, 24, 100
11, 24, 99
12, 24, 98
12, 24, 97
13, 24, 97
13, 24, 96
13, 24, 95
14, 24, 94
14, 24, 94
15, 24, 93
15, 25, 93
15, 25, 92
16, 25, 91
16, 25, 91
16, 26, 90
17, 26, 90
17, 26, 89
18, 26, 89
18, 27, 88
18, 27, 88
19, 27, 88
19, 28, 87
19, 28, 87
20, 28, 86
20, 29, 86
20, 29, 86
21, 29, 85
21, 30, 85
21, 30, 85
22, 31, 85
22, 31, 84
22, 32, 84
23, 32, 84
23, 33, 84
23, 33, 84
24, 34, 84
24, 34, 84
25, 35, 84
25, 35, 84
25, 36, 84
26, 36, 84
26, 37, 84
27, 38, 84
27, 38, 84
28, 39, 84
28, 39, 84
28, 40, 85
29, 41, 85
29, 41, 85
30, 42, 85
30, 42, 86
31, 43, 86
31, 44, 87
32, 44, 87
32, 45, 88
33, 45, 88
33, 46, 89
34, 46, 89
34, 47, 90
35, 48, 91
35, 48, 91
36, 49, 92
36, 49, 93
37, 50, 94
37, 50, 94
38, 50, 95
38, 51, 96
39, 51, 97
39, 52, 98
40, 52, 99
40, 52, 100
41, 52, 101
41, 53, 102
42, 53, 103
42, 53, 104
42, 53, 105
43, 53, 107
43, 53, 108
44, 53, 109
44, 53, 110
44, 53, 111
45, 53, 112
45, 52, 114
45, 52, 115
46, 52, 116
46, 51, 117
46, 51, 118
46, 50, 119
46, 50, 120
46, 49, 121
47, 49, 122
47, 48, 123
47, 47, 124
47, 46, 125
47, 46, 126
47, 45, 127
47, 44, 128
46, 43, 128
46, 42, 129
46, 41, 130
46, 40, 130
46, 39, 131
45, 38, 131
45, 37, 131
45, 36, 132
44, 35, 132
44, 34, 132
44, 33, 132
43, 32, 132
43, 31, 132
42, 30, 132
42, 29, 132
41, 28, 132
41, 27, 132
40, 26, 131
40, 25, 131
39, 24, 131
39, 23, 130
38, 23, 130
37, 22, 129
37, 21, 129
36, 20, 128
36, 20, 128
35, 19, 127
34, 18, 126
34, 18, 126
33, 17, 125
32, 17, 124
32, 16, 124
31, 16, 123
31, 15, 122
30, 15, 121
29, 15, 120
29, 14, 120
28, 14, 119
28, 14, 118
27, 14, 117
27, 13, 116
26, 13, 115
26, 13, 115
25, 13, 114
25, 13, 113
24, 13, 112
24, 13, 111
23, 13, 110
23, 13, 109
23, 13, 109
22, 13, 108
22, 13, 107
21, 13, 106
21, 13, 105
21, 13, 104
20, 13, 104
20, 13, 103
20, 13, 102
20, 13, 101
19, 13, 100
19, 14, 100
19, 14, 99
19, 14, 98
19, 14, 97
18, 14, 97
18, 15, 96
18, 15, 95
18, 15, 94
18, 15, 94
18, 16, 93
18, 16, 92
18, 16, 92
17, 16, 91
17, 17, 90
17, 17, 90
17, 17, 89
17, 18, 88
17, 18, 88
17, 18, 87
17, 19, 87
18, 19, 86
18, 19, 85
18, 20, 85
18, 20, 84
18, 21, 84
18, 21, 83
18, 21, 83
18, 22, 82
18, 22, 82
18, 23, 82
19, 23, 81
19, 24, 81
19, 24, 80
19, 25, 80
19, 25, 80
20, 26, 79
20, 26, 79
20, 27, 79
20, 27, 78
21, 28, 78
21, 28, 78
21, 29, 78
22, 30, 77
22, 30, 77
22, 31, 77
23, 31, 77
23, 32, 77
23, 33, 77
24, 33, 77
24, 34, 77
24, 35, 77
25, 36, 77
25, 36, 77
26, 37, 77
26, 38, 77
27, 38, 77
27, 39, 78
27, 40, 78
28, 41, 78
28, 41, 79
29, 42, 79
29, 43, 79
30, 44, 80
31, 45, 80
31, 45, 81
32, 46, 81
32, 47, 82
33, 48, 83
33, 48, 83
34, 49, 84
35, 50, 85
35, 51, 86
36, 51, 87
36, 52, 87
37, 53, 88
38, 53, 89
38, 54, 91
39, 54, 92
39, 55, 93
40, 56, 94
41, 56, 95
41, 56, 96
42, 57, 98
42, 57, 99
43, 57, 101
44, 58, 102
44, 58, 103
45, 58, 105
45, 58, 106
46, 58, 108
46, 58, 109
47, 58, 111
47, 58, 112
47, 57, 114
48, 57, 115
48, 57, 117
49, 56, 118
49, 56, 120
49, 55, 121
49, 54, 123
50, 54, 124
50, 53, 125
50, 52, 127
50, 51, 128
50, 50, 129
50, 49, 130
50, 48, 131
50, 46, 132
50, 45, 133
49, 44, 134
49, 43, 135
49, 41, 136
49, 40, 136
48, 39, 137
48, 37, 137
48, 36, 138
47, 35, 138
47, 33, 138
46, 32, 138
46, 31, 138
45, 29, 138
44, 28, 138
44, 27, 138
43, 25, 138
42, 24, 137
42, 23, 137
41, 22, 136
40, 21, 136
39, 20, 135
39, 19, 135
38, 18, 134
37, 17, 133
36, 16, 133
36, 15, 132
35, 14, 131
34, 14, 130
33, 13, 129
32, 12, 128
32, 12, 127
31, 11, 126
30, 11, 125
29, 10, 124
29, 10, 123
28, 10, 122
27, 9, 121
26, 9, 120
26, 9, 119
25, 8, 118
24, 8, 117
24, 8, 116
23, 8, 115
23, 8, 114
22, 8, 113
21, 8, 112
21, 7, 111
20, 7, 110
20, 7, 109
19, 7, 108
19, 7, 107
18, 8, 106
18, 8, 105
18, 8, 104
17, 8, 104
17, 8, 103
17, 8, 102
16, 8, 101
16, 8, 100
16, 8, 99
15, 9, 98
15, 9, 97
15, 9, 96
15, 9, 95
14, 9, 95
14, 10, 94
14, 10, 93
14, 10, 92
14, 10, 91
14, 10, 90
13, 11, 90
13, 11, 89
13, 11, 88
13, 11, 87
13, 12, 87
13, 12, 86
13, 12, 85
13, 13, 84
13, 13, 84
13, 13, 83
13, 14, 82
13, 14, 82
13, 14, 81
13, 15, 80
13, 15, 80
13, 15, 79
13, 16, 78
13, 16, 78
13, 16, 77
14, 17, 77
14, 17, 76
14, 18, 75
14, 18, 75
14, 19, 74
14, 19, 74
14, 19, 73
15, 20, 73
15, 20, 72
15, 21, 72
15, 21, 72
16, 22, 71
16, 23, 71
16, 23, 70
16, 24, 70
17, 24, 70
17, 25, 69
17, 25, 69
18, 26, 69
18, 27, 69
18, 27, 68
19, 28, 68
19, 29, 68
19, 30, 68
20, 30, 68
20, 31, 68
21, 32, 67
21, 33, 67
21, 33, 67
22, 34, 67
22, 35, 67
23, 36, 68
23, 37, 68
24, 38, 68
24, 38, 68
25, 39, 68
26, 40, 69
26, 41, 69
27, 42, 69
27, 43, 70
28, 44, 70
29, 45, 71
29, 46, 71
30, 47, 72
31, 48, 72
31, 49, 73
32, 50, 74
33, 51, 75
33, 52, 76
34, 53, 77
35, 54, 78
36, 55, 79
36, 56, 80
37, 57, 81
38, 58, 82
39, 59, 83
39, 59, 85
40, 60, 86
41, 61, 88
42, 62, 89
43, 62, 91
43, 63, 93
44, 63, 94
45, 64, 96
46, 64, 98
46, 65, 100
47, 65, 102
48, 65, 104
48, 65, 106
49, 65, 108
50, 65, 110
50, 65, 112
51, 65, 114
51, 64, 116
52, 64, 118
52, 63, 120
53, 63, 122
53, 62, 124
54, 61, 126
54, 60, 128
54, 59, 130
54, 57, 132
54, 56, 134
54, 55, 135
54, 53, 137
54, 52, 138
54, 50, 140
54, 48, 141
54, 47, 142
54, 45, 143
53, 43, 144
53, 41, 145
52, 39, 145
52, 37, 146
51, 35, 146
51, 33, 147
50, 32, 147
49, 30, 147
49, 28, 147
48, 26, 147
47, 24, 146
46, 23, 146
45, 21, 145
44, 19, 145
43, 18, 144
42, 16, 143
41, 15, 143
40, 14, 142
39, 12, 141
38, 11, 140
37, 10, 139
36, 9, 138
35, 8, 137
34, 7, 136
33, 6, 134
32, 6, 133
31, 5, 132
30, 4, 131
29, 4, 130
28, 3, 128
27, 3, 127
26, 2, 126
25, 2, 125
24, 1, 123
23, 1, 122
22, 1, 121
21, 1, 120
21, 0, 118
20, 0, 117
19, 0, 116
18, 0, 115
18, 0, 114
17, 0, 112
16, 0, 111
16, 0, 110
15, 0, 109
14, 0, 108
14, 0, 107
13, 0, 106
13, 0, 105
12, 0, 103
12, 0, 102
11, 1, 101
11, 1, 100
11, 1, 99
10, 1, 98
10, 1, 97
10, 1, 96
9, 1, 95
9, 1, 94
9, 2, 93
8, 2, 92
8, 2, 91
8, 2, 90
8, 2, 89
7, 2, 89
7, 3, 88
7, 3, 87
7, 3, 86
7, 3, 85
7, 3, 84
6, 3, 83
6, 4, 82
6, 4, 82
6, 4, 81
6, 4, 80
6, 4, 79
6, 5, 78
6, 5, 78
6, 5, 77
6, 5, 76
6, 5, 75
6, 5, 74
6, 6, 74
6, 6, 73
6, 6, 72
6, 6, 72
6, 7, 71
6, 7, 70
6, 7, 69
6, 7, 69
6, 7, 68
6, 8, 67
6, 8, 67
6, 8, 66
6, 8, 65
6, 9, 65
6, 9, 64
6, 9, 64
7, 10, 63
7, 10, 62
7, 10, 62
7, 10, 61
7, 11, 61
7, 11, 60
7, 11, 60
8, 12, 59
8, 12, 59
8, 13, 58
8, 13, 58
8, 13, 57
8, 14, 57
9, 14, 56
9, 15, 56
9, 15, 55
9, 16, 55
10, 16, 54
10, 16, 54
10, 17, 54
10, 18, 53
11, 18, 53
11, 19, 52
11, 19, 52
12, 20, 52
12, 20, 51
12, 21, 51
13, 22, 51
13, 22, 51
13, 23, 50
14, 24, 50
14, 25, 50
14, 25, 50
15, 26, 50
15, 27, 50
16, 28, 49
16, 29, 49
17, 30, 49
17, 31, 49
18, 32, 49
18, 33, 49
19, 34, 50
19, 35, 50
20, 36, 50
21, 37, 50
21, 38, 50
22, 39, 51
23, 40, 51
23, 41, 51
24, 43, 52
25, 44, 52
25, 45, 53
26, 47, 53
27, 48, 54
28, 49, 55
29, 51, 56
30, 52, 56
30, 53, 57
31, 55, 58
32, 56, 59
33, 58, 61
34, 59, 62
35, 61, 63
36, 62, 65
37, 63, 66
38, 65, 68
39, 66, 70
40, 68, 72
41, 69, 74
42, 70, 76
43, 71, 78
45, 73, 80
46, 74, 82
47, 75, 85
48, 76, 87
49, 76, 90
50, 77, 93
51, 78, 96
52, 78, 99
53, 79, 102
54, 79, 105
55, 79, 108
56, 79, 111
57, 78, 114
58, 78, 118
59, 77, 121
59, 77, 124
60, 76, 127
61, 74, 130
61, 73, 134
62, 71, 137
62, 69, 139
62, 67, 142
62, 65, 145
63, 63, 147
63, 61, 150
62, 58, 152
62, 55, 154
62, 52, 156
62, 49, 157
61, 47, 159
61, 43, 160
60, 40, 161
59, 37, 162
58, 34, 162
57, 31, 163
56, 28, 163
55, 25, 162
54, 22, 162
53, 20, 162
52, 17, 161
50, 14, 160
49, 12, 159
47, 9, 158
46, 7, 157
44, 5, 156
43, 3, 154
41, 1, 153
40, 0, 151
38, -2, 150
37, -3, 148
35, -5, 147
33, -6, 145
32, -7, 143
30, -8, 142
29, -9, 140
27, -10, 138
26, -10, 136
25, -11, 135
23, -11, 133
22, -12, 131
21, -12, 130
19, -13, 128
18, -13, 127
17, -13, 125
16, -13, 124
15, -13, 122
13, -14, 121
12, -14, 119
11, -14, 118
10, -14, 116
9, -14, 115
9, -14, 114
8, -14, 112
7, -14, 111
6, -14, 110
5, -13, 109
5, -13, 107
4, -13, 106
3, -13, 105
3, -13, 104
2, -13, 103
1, -13, 102
1, -13, 101
0, -13, 100
0, -13, 98
-1, -13, 97
-1, -13, 96
-2, -13, 95
-2, -13, 94
-3, -13, 93
-3, -13, 92
-3, -13, 92
-4, -13, 91
-4, -13, 90
-4, -13, 89
-5, -13, 88
-5, -13, 87
-5, -13, 86
-6, -13, 85
-6, -13, 85
-6, -13, 84
-6, -13, 83
-7, -13, 82
-7, -13, 81
-7, -14, 81
-7, -14, 80
-8, -14, 79
-8, -14, 78
-8, -14, 78
-8, -14, 77
-9, -15, 76
-9, -15, 75
-9, -15, 75
-9, -15, 74
-10, -16, 74
-10, -16, 73
-10, -16, 72
-10, -17, 72
-11, -17, 71
-11, -17, 70
-11, -18, 70
-11, -18, 69
-12, -18, 69
-12, -19, 68
-12, -19, 68
-12, -19, 67
-13, -20, 67
-13, -20, 66
-13, -21, 66
-14, -21, 65
-14, -22, 65
-14, -22, 65
-14, -23, 64
-15, -23, 64
-15, -24, 63
-15, -25, 63
-16, -25, 63
-16, -26, 63
-17, -27, 62
-17, -27, 62
-17, -28, 62
-18, -29, 62
-18, -29, 61
-19, -30, 61
-19, -31, 61
-20, -32, 61
-20, -32, 61
-20, -33, 61
-21, -34, 61
-22, -35, 61
-22, -36, 61
-23, -37, 61
-23, -38, 61
-24, -39, 61
-24, -40, 62
-25, -41, 62
-26, -42, 62
-26, -43, 63
-27, -44, 63
-27, -45, 64
-28, -46, 64
-29, -47, 65
-30, -48, 65
-30, -49, 66
-31, -51, 67
-32, -52, 67
-33, -53, 68
-33, -54, 69
-34, -55, 70
-35, -56, 71
-36, -57, 72
-37, -59, 74
-38, -60, 75
-38, -61, 76
-39, -62, 78
-40, -63, 79
-41, -64, 81
-42, -65, 82
-43, -66, 84
-44, -67, 86
-45, -67, 88
-46, -68, 90
-46, -69, 92
-47, -70, 94
-48, -70, 96
-49, -71, 98
-50, -71, 101
-51, -71, 103
-51, -71, 105
-52, -71, 108
-53, -71, 110
-54, -71, 113
-54, -71, 115
-55, -70, 118
-56, -70, 120
-56, -69, 123
-57, -68, 125
-57, -67, 127
-57, -66, 130
-58, -65, 132
-58, -63, 134
-58, -62, 136
-58, -60, 138
-58, -58, 140
-58, -56, 142
-58, -54, 144
-58, -52, 145
-58, -50, 147
-58, -48, 148
-57, -46, 149
-57, -44, 150
-56, -41, 151
-56, -39, 152
-55, -37, 152
-54, -34, 152
-54, -32, 153
-53, -30, 153
-52, -28, 153
-51, -26, 152
-50, -23, 152
-49, -21, 151
-48, -19, 151
-47, -18, 150
-46, -16, 149
-44, -14, 148
-43, -12, 147
-42, -11, 146
-41, -9, 145
-40, -8, 144
-38, -7, 143
-37, -6, 142
-36, -4, 140
-35, -3, 139
-33, -2, 138
-32, -2, 136
-31, -1, 135
-30, 0, 134
-29, 0, 132
-28, 1, 131
-26, 2, 129
-25, 2, 128
-24, 2, 126
-23, 3, 125
-22, 3, 124
-21, 3, 122
-20, 3, 121
-19, 4, 120
-18, 4, 118
-18, 4, 117
-17, 4, 116
-16, 4, 114
-15, 4, 113
-14, 4, 112
-14, 4, 111
-13, 4, 109
-12, 4, 108
-12, 4, 107
-11, 4, 106
-11, 4, 105
-10, 4, 104
-9, 4, 103
-9, 3, 101
-8, 3, 100
-8, 3, 99
-8, 3, 98
-7, 3, 97
-7, 3, 96
-6, 3, 95
-6, 3, 94
-6, 3, 93
-5, 3, 92
-5, 2, 91
-5, 2, 90
-4, 2, 89
-4, 2, 88
-4, 2, 87
-4, 2, 86
-3, 2, 85
-3, 2, 85
-3, 2, 84
-3, 2, 83
-3, 2, 82
-3, 1, 81
-2, 1, 80
-2, 1, 79
-2, 1, 78
-2, 1, 78
-2, 1, 77
-2, 1, 76
-2, 1, 75
-2, 1, 74
-1, 1, 74
-1, 1, 73
-1, 1, 72
-1, 1, 71
-1, 1, 71
-1, 1, 70
-1, 1, 69
-1, 1, 68
-1, 1, 68
-1, 1, 67
-1, 1, 66
-1, 1, 66
-1, 1, 65
-1, 1, 64
0, 1, 64
0, 1, 63
0, 1, 62
0, 1, 62
0, 1, 61
0, 1, 60
0, 1, 60
0, 1, 59
0, 1, 58
0, 1, 58
0, 1, 57
0, 1, 57
0, 1, 56
0, 1, 55
0, 1, 55
0, 1, 54
0, 1, 54
0, 1, 53
0, 1, 53
0, 1, 52
0, 1, 51
0, 1, 51
0, 1, 50
0, 1, 50
0, 1, 49
0, 1, 49
0, 1, 48
0, 1, 48
0, 1, 47
0, 1, 47
1, 1, 46
1, 1, 46
1, 2, 45
1, 2, 45
1, 2, 44
1, 2, 44
1, 2, 43
1, 2, 43
1, 2, 43
1, 2, 42
1, 2, 42
1, 2, 41
1, 2, 41
1, 2, 40
1, 2, 40
1, 3, 40
1, 3, 39
1, 3, 39
1, 3, 38
1, 3, 38
1, 3, 38
2, 3, 37
2, 3, 37
2, 3, 36
2, 4, 36
2, 4, 36
2, 4, 35
2, 4, 35
2, 4, 35
2, 4, 34
2, 5, 34
2, 5, 33
2, 5, 33
3, 5, 33
3, 5, 32
3, 6, 32
3, 6, 32
3, 6, 32
3, 6, 31
3, 7, 31
3, 7, 31
3, 7, 30
4, 7, 30
4, 8, 30
4, 8, 29
4, 8, 29
4, 9, 29
4, 9, 29
5, 9, 28
5, 10, 28
5, 10, 28
5, 11, 28
5, 11, 27
6, 11, 27
6, 12, 27
6, 12, 27
6, 13, 27
7, 13, 26
7, 14, 26
7, 14, 26
7, 15, 26
8, 16, 26
8, 16, 26
8, 17, 25
9, 18, 25
9, 18, 25
9, 19, 25
10, 20, 25
10, 20, 25
11, 21, 25
11, 22, 25
11, 23, 25
12, 24, 25
12, 25, 25
13, 26, 25
13, 27, 25
14, 28, 25
14, 29, 25
15, 30, 25
16, 31, 26
16, 33, 26
17, 34, 26
17, 35, 26
18, 37, 27
19, 38, 27
20, 39, 28
20, 41, 28
21, 42, 29
22, 44, 29
23, 46, 30
24, 47, 31
25, 49, 31
26, 51, 32
27, 53, 33
28, 54, 34
29, 56, 35
30, 58, 37
31, 60, 38
32, 62, 40
33, 64, 41
34, 66, 43
36, 69, 45
37, 71, 47
38, 73, 49
40, 75, 51
41, 77, 53
42, 79, 56
44, 81, 59
45, 83, 62
47, 85, 65
48, 87, 68
50, 88, 71
51, 90, 75
53, 91, 79
54, 93, 83
56, 94, 87
57, 95, 91
59, 96, 96
60, 96, 100
62, 97, 105
63, 97, 110
64, 96, 114
66, 96, 119
67, 95, 124
68, 94, 129
69, 92, 134
70, 90, 139
71, 88, 144
71, 85, 149
72, 82, 153
72, 79, 157
72, 76, 161
73, 72, 165
73, 68, 168
72, 63, 172
72, 59, 174
71, 54, 177
71, 49, 179
70, 45, 180
69, 40, 181
68, 35, 182
67, 30, 183
65, 25, 183
64, 20, 183
62, 16, 182
60, 11, 181
58, 7, 180
56, 3, 178
54, 0, 177
52, -4, 175
50, -7, 173
48, -10, 171
45, -13, 169
43, -15, 166
41, -18, 164
39, -20, 162
36, -21, 159
34, -23, 157
32, -25, 154
30, -26, 152
27, -27, 150
25, -28, 147
23, -29, 145
21, -29, 143
19, -30, 141
17, -30, 139
15, -31, 137
14, -31, 135
12, -31, 133
10, -31, 131
9, -31, 130
7, -31, 128
6, -31, 126
4, -31, 125
3, -31, 123
1, -31, 122
0, -31, 121
-1, -31, 119
-2, -31, 118
-3, -31, 117
-4, -31, 116
-5, -30, 115
-6, -30, 114
-7, -30, 113
-8, -30, 112
-9, -30, 111
-10, -30, 110
-11, -30, 109
-11, -30, 108
-12, -30, 107
-13, -30, 107
-14, -29, 106
-14, -29, 105
-15, -29, 104
-15, -29, 104
-16, -29, 103
-16, -29, 102
-17, -29, 102
-17, -29, 101
-18, -30, 101
-18, -30, 100
-19, -30, 99
-19, -30, 99
-20, -30, 98
-20, -30, 98
-20, -30, 97
-21, -30, 97
-21, -30, 97
-21, -31, 96
-22, -31, 96
-22, -31, 95
-23, -31, 95
-23, -32, 95
-23, -32, 94
-24, -32, 94
-24, -32, 94
-24, -33, 94
-25, -33, 93
-25, -33, 93
-25, -33, 93
-26, -34, 93
-26, -34, 93
-26, -34, 92
-26, -35, 92
-27, -35, 92
-27, -36, 92
-27, -36, 92
-28, -36, 92
-28, -37, 92
-28, -37, 92
-29, -37, 92
-29, -38, 92
-29, -38, 92
-30, -39, 92
-30, -39, 92
-30, -39, 93
-31, -40, 93
-31, -40, 93
-32, -41, 93
-32, -41, 93
-32, -41, 94
-33, -42, 94
-33, -42, 94
-33, -43, 95
-34, -43, 95
-34, -43, 95
-34, -44, 96
-35, -44, 96
-35, -44, 97
-35, -45, 97
-36, -45, 98
-36, -45, 98
-37, -46, 99
-37, -46, 99
-37, -46, 100
-38, -46, 100
-38, -47, 101
-38, -47, 102
-39, -47, 102
-39, -47, 103
-39, -47, 104
-40, -47, 104
-40, -47, 105
-40, -48, 106
-40, -48, 106
-41, -48, 107
-41, -48, 108
-41, -48, 109
-42, -47, 109
-42, -47, 110
-42, -47, 111
-42, -47, 112
-42, -47, 112
-43, -47, 113
-43, -46, 114
-43, -46, 114
-43, -46, 115
-43, -46, 116
-43, -45, 116
-43, -45, 117
-43, -44, 118
-43, -44, 118
-43, -44, 119
-43, -43, 119
-43, -43, 120
-43, -42, 121
-43, -42, 121
-43, -41, 121
-43, -40, 122
-43, -40, 122
-43, -39, 123
-43, -39, 123
-43, -38, 123
-42, -37, 123
-42, -37, 124
-42, -36, 124
-42, -35, 124
-42, -35, 124
-41, -34, 124
-41, -33, 124
-41, -33, 124
-40, -32, 124
-40, -32, 124
-40, -31, 124
-39, -30, 124
-39, -30, 124
-39, -29, 124
-38, -29, 123
-38, -28, 123
-38, -28, 123
-37, -27, 123
-37, -27, 122
-36, -26, 122
-36, -26, 121
-36, -25, 121
-35, -25, 121
-35, -24, 120
-34, -24, 120
-34, -24, 119
-34, -23, 119
-33, -23, 118
-33, -23, 118
-32, -22, 117
-32, -22, 117
-32, -22, 116
-31, -22, 116
-31, -21, 115
-30, -21, 114
-30, -21, 114
-30, -21, 113
-29, -21, 113
-29, -21, 112
-29, -21, 111
-28, -21, 111
-28, -20, 110
-28, -20, 110
-28, -20, 109
-27, -20, 108
-27, -20, 108
-27, -20, 107
-26, -20, 106
-26, -21, 106
-26, -21, 105
-26, -21, 105
-26, -21, 104
-25, -21, 103
-25, -21, 103
-25, -21, 102
-25, -21, 102
-25, -21, 101
-25, -22, 101
-25, -22, 100
-24, -22, 99
-24, -22, 99
-24, -22, 98
-24, -23, 98
-24, -23, 97
-24, -23, 97
-24, -23, 96
-24, -23, 96
-24, -24, 95
-24, -24, 95
-24, -24, 94
-24, -25, 94
-24, -25, 94
-24, -25, 93
-24, -26, 93
-24, -26, 92
-24, -26, 92
-24, -27, 92
-24, -27, 91
-24, -27, 91
-25, -28, 91
-25, -28, 90
-25, -28, 90
-25, -29, 90
-25, -29, 89
-25, -30, 89
-25, -30, 89
-26, -31, 89
-26, -31, 89
-26, -31, 88
-26, -32, 88
-26, -32, 88
-27, -33, 88
-27, -33, 88
-27, -34, 88
-27, -34, 88
-28, -35, 88
-28, -35, 88
-28, -36, 88
-29, -36, 88
-29, -37, 88
-29, -37, 88
-29, -38, 88
-30, -38, 88
-30, -39, 88
-30, -39, 89
-31, -40, 89
-31, -40, 89
-32, -41, 89
-32, -41, 90
-32, -42, 90
-33, -42, 90
-33, -43, 91
-33, -43, 91
-34, -44, 91
-34, -44, 92
-35, -45, 92
-35, -45, 93
-35, -46, 93
-36, -46, 94
-36, -47, 95
-37, -47, 95
-37, -48, 96
-37, -48, 97
-38, -48, 97
-38, -49, 98
-39, -49, 99
-39, -49, 99
-39, -49, 100
-40, -50, 101
-40, -50, 102
-41, -50, 103
-41, -50, 104
-41, -50, 105
-42, -50, 105
-42, -50, 106
-42, -50, 107
-43, -50, 108
-43, -50, 109
-43, -50, 110
-44, -50, 111
-44, -50, 112
-44, -50, 113
-44, -50, 114
-44, -49, 115
-45, -49, 115
-45, -49, 116
-45, -48, 117
-45, -48, 118
-45, -47, 119
-45, -47, 120
-45, -46, 120
-45, -46, 121
-45, -45, 122
-45, -44, 123
-45, -44, 123
-45, -43, 124
-45, -42, 124
-45, -42, 125
-45, -41, 125
-45, -40, 126
-45, -39, 126
-44, -39, 127
-44, -38, 127
-44, -37, 127
-44, -36, 127
-43, -35, 128
-43, -35, 128
-43, -34, 128
-42, -33, 128
-42, -32, 128
-42, -31, 128
-41, -31, 128
-41, -30, 128
-40, -29, 127
-40, -28, 127
-39, -28, 127
-39, -27, 127
-39, -26, 126
-38, -26, 126
-38, -25, 125
-37, -24, 125
-37, -24, 125
-36, -23, 124
-36, -23, 124
-35, -22, 123
-35, -22, 123
-34, -21, 122
-34, -21, 121
-33, -20, 121
-33, -20, 120
-32, -20, 119
-32, -19, 119
-31, -19, 118
-31, -19, 117
-30, -19, 117
-30, -18, 116
-29, -18, 115
-29, -18, 115
-28, -18, 114
-28, -18, 113
-28, -18, 113
-27, -18, 112
-27, -17, 111
-27, -17, 110
-26, -17, 110
-26, -17, 109
-25, -17, 108
-25, -17, 107
-25, -17, 107
-25, -17, 106
-24, -17, 105
-24, -18, 105
-24, -18, 104
-24, -18, 103
-23, -18, 103
-23, -18, 102
-23, -18, 101
-23, -18, 100
-23, -18, 100
-22, -19, 99
-22, -19, 99
-22, -19, 98
-22, -19, 97
-22, -20, 97
-22, -20, 96
-22, -20, 95
-22, -20, 95
-22, -21, 94
-22, -21, 94
-22, -21, 93
-21, -21, 93
-21, -22, 92
-21, -22, 91
-22, -22, 91
-22, -23, 90
-22, -23, 90
-22, -23, 89
-22, -24, 89
-22, -24, 89
-22, -24, 88
-22, -25, 88
-22, -25, 87
-22, -26, 87
-22, -26, 87
-23, -27, 86
-23, -27, 86
-23, -27, 85
-23, -28, 85
-23, -28, 85
-23, -29, 85
-24, -29, 84
-24, -30, 84
-24, -30, 84
-24, -31, 84
-25, -31, 84
-25, -32, 83
-25, -33, 83
-25, -33, 83
-26, -34, 83
-26, -34, 83
-26, -35, 83
-27, -35, 83
-27, -36, 83
-27, -37, 83
-28, -37, 83
-28, -38, 83
-28, -38, 83
-29, -39, 84
-29, -40, 84
-30, -40, 84
-30, -41, 84
-30, -42, 84
-31, -42, 85
-31, -43, 85
-32, -43, 86
-32, -44, 86
-33, -45, 86
-33, -45, 87
-34, -46, 87
-34, -46, 88
-35, -47, 89
-35, -48, 89
-36, -48, 90
-36, -49, 91
-37, -49, 91
-37, -50, 92
-38, -50, 93
-38, -51, 94
-39, -51, 95
-39, -52, 95
-40, -52, 96
-40, -52, 97
-41, -53, 98
-41, -53, 99
-41, -53, 100
-42, -54, 101
-42, -54, 103
-43, -54, 104
-43, -54, 105
-44, -54, 106
-44, -54, 107
-45, -54, 108
-45, -54, 109
-45, -54, 111
-46, -54, 112
-46, -54, 113
-46, -53, 114
-47, -53, 115
-47, -53, 116
-47, -52, 118
-47, -52, 119
-47, -51, 120
-48, -51, 121
-48, -50, 122
-48, -49, 123
-48, -49, 124
-48, -48, 125
-48, -47, 126
-48, -46, 127
-48, -45, 127
-48, -44, 128
-48, -44, 129
-47, -43, 129
-47, -42, 130
-47, -41, 130
-47, -40, 131
-46, -39, 131
-46, -37, 132
-46, -36, 132
-45, -35, 132
-45, -34, 132
-45, -33, 132
-44, -32, 132
-44, -31, 132
-43, -30, 132
-43, -29, 132
-42, -28, 132
-42, -27, 132
-41, -26, 131
-41, -26, 131
-40, -25, 131
-39, -24, 130
-39, -23, 130
-38, -22, 129
-38, -22, 129
-37, -21, 128
-36, -20, 128
-36, -20, 127
-35, -19, 126
-34, -18, 125
-34, -18, 125
-33, -17, 124
-33, -17, 123
-32, -16, 123
-31, -16, 122
-31, -16, 121
-30, -15, 120
-30, -15, 119
-29, -15, 118
-28, -15, 118
-28, -14, 117
-27, -14, 116
-27, -14, 115
-26, -14, 114
-26, -14, 113
-25, -14, 112
-25, -14, 112
-24, -13, 111
-24, -13, 110
-24, -13, 109
-23, -13, 108
-23, -13, 107
-22, -13, 106
-22, -14, 106
-22, -14, 105
-21, -14, 104
-21, -14, 103
-21, -14, 102
-21, -14, 102
-20, -14, 101
-20, -14, 100
-20, -15, 99
-20, -15, 98
-19, -15, 98
-19, -15, 97
-19, -15, 96
-19, -16, 95
-19, -16, 95
-19, -16, 94
-19, -16, 93
-19, -16, 93
-18, -17, 92
-18, -17, 91
-18, -17, 91
-18, -18, 90
-18, -18, 89
-18, -18, 89
-18, -19, 88
-18, -19, 87
-18, -19, 87
-18, -20, 86
-18, -20, 86
-18, -20, 85
-19, -21, 85
-19, -21, 84
-19, -22, 83
-19, -22, 83
-19, -22, 82
-19, -23, 82
-19, -23, 82
-19, -24, 81
-20, -24, 81
-20, -25, 80
-20, -25, 80
-20, -26, 80
-20, -26, 79
-21, -27, 79
-21, -27, 79
-21, -28, 78
-21, -28, 78
-22, -29, 78
-22, -30, 78
-22, -30, 77
-22, -31, 77
-23, -31, 77
-23, -32, 77
-23, -33, 77
-24, -33, 77
-24, -34, 77
-25, -35, 77
-25, -35, 77
-25, -36, 77
-26, -37, 77
-26, -37, 77
-27, -38, 77
-27, -39, 77
-28, -40, 77
-28, -40, 77
-29, -41, 78
-29, -42, 78
-30, -43, 78
-30, -43, 79
-31, -44, 79
-31, -45, 80
-32, -46, 80
-32, -47, 81
-33, -47, 81
-33, -48, 82
-34, -49, 82
-35, -50, 83
-35, -50, 84
-36, -51, 85
-36, -52, 86
-37, -53, 87
-38, -53, 87
-38, -54, 88
-39, -55, 90
-39, -55, 91
-40, -56, 92
-41, -56, 93
-41, -57, 94
-42, -57, 95
-42, -58, 97
-43, -58, 98
-44, -58, 99
-44, -59, 101
-45, -59, 102
-45, -59, 104
-46, -59, 105
-46, -59, 107
-47, -59, 108
-47, -59, 110
-48, -59, 111
-48, -59, 113
-49, -59, 114
-49, -58, 116
-49, -58, 117
-50, -57, 119
-50, -57, 120
-50, -56, 122
-51, -55, 123
-51, -55, 125
-51, -54, 126
-51, -53, 127
-51, -52, 129
-51, -51, 130
-51, -50, 131
-51, -48, 132
-51, -47, 133
-51, -46, 134
-51, -45, 135
-50, -43, 135
-50, -42, 136
-50, -41, 137
-49, -39, 137
-49, -38, 138
-49, -37, 138
-48, -35, 138
-48, -34, 138
-47, -33, 138
-47, -31, 138
-46, -30, 138
-45, -29, 138
-45, -27, 138
-44, -26, 138
-43, -25, 137
-43, -24, 137
-42, -22, 137
-41, -21, 136
-40, -20, 135
-40, -19, 135
-39, -18, 134
-38, -17, 133
-37, -17, 133
-36, -16, 132
-36, -15, 131
-35, -14, 130
-34, -14, 129
-33, -13, 128
-32, -12, 127
-32, -12, 126
-31, -11, 125
-30, -11, 124
-29, -11, 123
-29, -10, 122
-28, -10, 121
-27, -10, 120
-26, -9, 119
-26, -9, 118
-25, -9, 117
-24, -9, 116
-24, -9, 115
-23, -8, 114
-23, -8, 113
-22, -8, 112
-22, -8, 111
-21, -8, 110
-21, -8, 109
-20, -8, 108
-20, -8, 107
-19, -8, 106
-19, -8, 105
-18, -8, 104
-18, -9, 103
-18, -9, 102
-17, -9, 101
-17, -9, 100
-17, -9, 100
-16, -9, 99
-16, -9, 98
-16, -10, 97
-16, -10, 96
-15, -10, 95
-15, -10, 94
-15, -10, 93
-15, -11, 93
-15, -11, 92
-14, -11, 91
-14, -11, 90
-14, -11, 89
-14, -12, 88
-14, -12, 88
-14, -12, 87
-14, -13, 86
-14, -13, 85
-14, -13, 85
-14, -13, 84
-14, -14, 83
-14, -14, 83
-14, -14, 82
-14, -15, 81
-14, -15, 81
-14, -15, 80
-14, -16, 79
-14, -16, 79
-14, -16, 78
-14, -17, 77
-14, -17, 77
-14, -18, 76
-14, -18, 76
-15, -18, 75
-15, -19, 75
-15, -19, 74
-15, -20, 73
-15, -20, 73
-15, -21, 73
-16, -21, 72
-16, -22, 72
-16, -22, 71
-16, -23, 71
-17, -23, 70
-17, -24, 70
-17, -24, 70
-17, -25, 69
-18, -26, 69
-18, -26, 69
-18, -27, 68
-19, -28, 68
-19, -28, 68
-19, -29, 68
-20, -30, 67
-20, -30, 67
-21, -31, 67
-21, -32, 67
-21, -33, 67
-22, -33, 67
-22, -34, 67
-23, -35, 67
-23, -36, 67
-24, -37, 67
-24, -37, 67
-25, -38, 67
-25, -39, 68
-26, -40, 68
-26, -41, 68
-27, -42, 68
-28, -43, 69
-28, -44, 69
-29, -45, 70
-29, -46, 70
-30, -47, 71
-31, -48, 71
-31, -49, 72
-32, -50, 72
-33, -51, 73
-33, -52, 74
-34, -53, 75
-35, -54, 76
-36, -55, 77
-36, -56, 78
-37, -57, 79
-38, -58, 80
-39, -59, 81
-39, -60, 83
-40, -60, 84
-41, -61, 86
-42, -62, 87
-43, -63, 89
-43, -63, 90
-44, -64, 92
-45, -65, 94
-46, -65, 96
-46, -66, 97
-47, -66, 99
-48, -66, 101
-49, -67, 103
-49, -67, 105
-50, -67, 107
-51, -67, 109
-51, -67, 112
-52, -66, 114
-52, -66, 116
-53, -65, 118
-54, -65, 120
-54, -64, 122
-54, -63, 124
-55, -62, 126
-55, -61, 128
-55, -60, 130
-55, -59, 132
-56, -58, 134
-56, -56, 135
-56, -55, 137
-56, -53, 138
-56, -52, 140
-55, -50, 141
-55, -48, 142
-55, -46, 143
-55, -44, 144
-54, -43, 145
-54, -41, 146
-53, -39, 146
-53, -37, 147
-52, -35, 147
-51, -33, 147
-51, -31, 147
-50, -29, 147
-49, -27, 147
-48, -25, 147
-47, -24, 146
-46, -22, 146
-45, -20, 145
-44, -19, 145
-43, -17, 144
-42, -16, 143
-41, -15, 142
-40, -13, 141
-39, -12, 140
-38, -11, 139
-37, -10, 138
-36, -9, 137
-35, -8, 136
-34, -7, 135
-33, -6, 134
-32, -6, 133
-31, -5, 131
-30, -4, 130
-29, -4, 129
-28, -3, 128
-27, -3, 126
-26, -2, 125
-25, -2, 124
-24, -2, 122
-23, -2, 121
-22, -1, 120
-22, -1, 119
-21, -1, 118
-20, -1, 116
-19, -1, 115
-19, -1, 114
-18, -1, 113
-17, -1, 112
-17, -1, 110
-16, -1, 109
-15, -1, 108
-15, -1, 107
-14, -1, 106
-14, -1, 105
-13, -1, 104
-13, -1, 103
-12, -1, 101
-12, -1, 100
-11, -1, 99
-11, -1, 98
-11, -2, 97
-10, -2, 96
-10, -2, 95
-10, -2, 94
-9, -2, 93
-9, -2, 92
-9, -2, 91
-9, -3, 91
-8, -3, 90
-8, -3, 89
-8, -3, 88
-8, -3, 87
-8, -3, 86
-7, -4, 85
-7, -4, 84
-7, -4, 83
-7, -4, 82
-7, -4, 82
-7, -4, 81
-7, -5, 80
-7, -5, 79
-7, -5, 78
-6, -5, 78
-6, -5, 77
-6, -6, 76
-6, -6, 75
-6, -6, 74
-6, -6, 74
-6, -6, 73
-6, -6, 72
-6, -7, 72
-6, -7, 71
-6, -7, 70
-6, -7, 69
-6, -7, 69
-6, -8, 68
-6, -8, 67
-7, -8, 67
-7, -8, 66
-7, -9, 65
-7, -9, 65
-7, -9, 64
-7, -9, 64
-7, -10, 63
-7, -10, 62
-7, -10, 62
-7, -10, 61
-7, -11, 61
-8, -11, 60
-8, -11, 59
-8, -12, 59
-8, -12, 58
-8, -12, 58
-8, -13, 57
-9, -13, 57
-9, -14, 56
-9, -14, 56
-9, -14, 55
-9, -15, 55
-10, -15, 54
-10, -16, 54
-10, -16, 54
-10, -17, 53
-10, -17, 53
-11, -18, 52
-11, -18, 52
-11, -19, 52
-12, -19, 51
-12, -20, 51
-12, -20, 51
-12, -21, 50
-13, -22, 50
-13, -22, 50
-13, -23, 49
-14, -24, 49
-14, -24, 49
-15, -25, 49
-15, -26, 49
-15, -27, 48
-16, -27, 48
-16, -28, 48
-17, -29, 48
-17, -30, 48
-18, -31, 48
-18, -32, 48
-19, -33, 48
-19, -34, 48
-20, -35, 48
-21, -36, 48
-21, -37, 49
-22, -38, 49
-22, -39, 49
-23, -41, 49
-24, -42, 50
-24, -43, 50
-25, -44, 51
-26, -46, 51
-27, -47, 52
-28, -48, 52
-28, -50, 53
-29, -51, 54
-30, -52, 55
-31, -54, 56
-32, -55, 57
-33, -57, 58
-34, -58, 59
-35, -60, 60
-36, -61, 62
-37, -63, 63
-38, -64, 65
-39, -66, 66
-40, -67, 68
-41, -68, 70
-42, -70, 72
-43, -71, 74
-44, -72, 76
-45, -74, 78
-46, -75, 81
-47, -76, 83
-49, -77, 86
-50, -78, 88
-51, -79, 91
-52, -79, 94
-53, -80, 97
-54, -80, 100
-55, -81, 103
-56, -81, 106
-57, -81, 110
-58, -81, 113
-59, -80, 116
-60, -80, 119
-60, -79, 123
-61, -78, 126
-62, -77, 129
-62, -75, 133
-63, -74, 136
-63, -72, 139
-64, -70, 142
-64, -68, 144
-64, -66, 147
-64, -63, 150
-64, -61, 152
-64, -58, 154
-64, -55, 156
-63, -52, 158
-63, -49, 159
-62, -46, 161
-62, -43, 162
-61, -40, 163
-60, -36, 163
-59, -33, 163
-58, -30, 164
-57, -27, 164
-56, -24, 163
-55, -21, 163
-53, -18, 162
-52, -16, 162
-51, -13, 161
-49, -11, 160
-48, -8, 158
-46, -6, 157
-45, -4, 156
-43, -2, 154
-41, 0, 153
-40, 1, 151
-38, 3, 149
-37, 4, 148
-35, 5, 146
-33, 7, 144
-32, 8, 143
-30, 8, 141
-29, 9, 139
-27, 10, 137
-26, 11, 136
-24, 11, 134
-23, 12, 132
-22, 12, 131
-20, 12, 129
-19, 13, 127
-18, 13, 126
-17, 13, 124
-15, 13, 123
-14, 13, 121
-13, 14, 120
-12, 14, 118
-11, 14, 117
-10, 14, 116
-9, 14, 114
-8, 14, 113
-8, 14, 112
-7, 13, 110
-6, 13, 109
-5, 13, 108
-4, 13, 107
-4, 13, 106
-3, 13, 104
-2, 13, 103
-2, 13, 102
-1, 13, 101
-1, 13, 100
0, 13, 99
0, 13, 98
1, 13, 97
1, 13, 96
2, 13, 95
2, 13, 94
3, 13, 93
3, 13, 92
3, 13, 91
4, 13, 90
4, 13, 89
4, 13, 89
5, 13, 88
5, 13, 87
5, 13, 86
6, 13, 85
6, 13, 84
6, 13, 84
6, 13, 83
7, 14, 82
7, 14, 81
7, 14, 81
8, 14, 80
8, 14, 79
8, 14, 78
8, 15, 78
9, 15, 77
9, 15, 76
9, 15, 76
9, 16, 75
10, 16, 74
10, 16, 74
10, 17, 73
10, 17, 73
11, 17, 72
11, 18, 71
11, 18, 71
11, 18, 70
12, 19, 70
12, 19, 69
12, 20, 69
12, 20, 68
13, 21, 68
13, 21, 67
13, 21, 67
14, 22, 67
14, 23, 66
14, 23, 66
15, 24, 65
15, 24, 65
15, 25, 65
16, 25, 65
16, 26, 64
17, 27, 64
17, 27, 64
17, 28, 64
18, 29, 63
18, 30, 63
19, 30, 63
19, 31, 63
20, 32, 63
20, 33, 63
21, 34, 63
21, 35, 63
22, 35, 63
22, 36, 63
23, 37, 63
23, 38, 64
24, 39, 64
24, 40, 64
25, 41, 64
26, 42, 65
26, 43, 65
27, 44, 66
28, 45, 66
28, 46, 67
29, 47, 67
30, 48, 68
30, 50, 69
31, 51, 70
32, 52, 70
33, 53, 71
34, 54, 72
34, 55, 73
35, 56, 74
36, 57, 76
37, 58, 77
38, 59, 78
38, 60, 80
39, 61, 81
40, 62, 83
41, 63, 84
42, 64, 86
43, 65, 88
44, 65, 90
44, 66, 92
45, 67, 94
46, 67, 96
47, 68, 98
48, 68, 100
49, 68, 102
49, 69, 104
50, 69, 106
51, 69, 109
52, 69, 111
52, 68, 113
53, 68, 116
53, 67, 118
54, 67, 121
54, 66, 123
55, 65, 125
55, 64, 127
56, 63, 130
56, 62, 132
56, 61, 134
56, 59, 136
56, 57, 138
57, 56, 139
56, 54, 141
56, 52, 143
56, 50, 144
56, 48, 145
56, 46, 147
55, 44, 148
55, 42, 148
54, 40, 149
54, 38, 150
53, 35, 150
52, 33, 151
52, 31, 151
51, 29, 151
50, 27, 151
49, 25, 150
48, 23, 150
47, 21, 150
46, 19, 149
45, 17, 148
44, 16, 148
43, 14, 147
42, 12, 146
41, 11, 145
39, 9, 144
38, 8, 143
37, 7, 142
36, 6, 140
35, 5, 139
34, 4, 138
32, 3, 137
31, 2, 135
30, 1, 134
29, 1, 133
28, 0, 131
27, 0, 130
26, -1, 128
25, -1, 127
24, -2, 126
23, -2, 124
22, -2, 123
21, -3, 122
20, -3, 120
19, -3, 119
18, -3, 118
17, -3, 117
16, -3, 115
16, -3, 114
15, -3, 113
14, -3, 112
14, -3, 110
13, -3, 109
12, -3, 108
12, -3, 107
11, -3, 106
10, -3, 105
10, -3, 103
9, -3, 102
9, -3, 101
9, -3, 100
8, -3, 99
8, -3, 98
7, -2, 97
7, -2, 96
7, -2, 95
6, -2, 94
6, -2, 93
6, -2, 92
5, -2, 91
5, -2, 90
5, -1, 89
4, -1, 88
4, -1, 87
4, -1, 86
4, -1, 85
4, -1, 84
3, -1, 84
3, -1, 83
3, -1, 82
3, 0, 81
3, 0, 80
3, 0, 79
3, 0, 78
3, 0, 78
2, 0, 77
2, 0, 76
2, 0, 75
2, 0, 74
2, 0, 74
2, 1, 73
2, 1, 72
2, 1, 71
2, 1, 71
2, 1, 70
2, 1, 69
2, 1, 68
2, 1, 68
2, 1, 67
2, 1, 66
2, 1, 66
2, 2, 65
2, 2, 64
2, 2, 64
2, 2, 63
2, 2, 62
2, 2, 62
2, 2, 61
2, 2, 60
2, 2, 60
2, 2, 59
2, 2, 58
2, 3, 58
2, 3, 57
2, 3, 57
2, 3, 56
2, 3, 56
2, 3, 55
2, 3, 54
2, 3, 54
2, 4, 53
2, 4, 53
2, 4, 52
2, 4, 52
2, 4, 51
2, 4, 51
2, 4, 50
3, 5, 50
3, 5, 49
3, 5, 49
3, 5, 48
3, 5, 48
3, 5, 47
3, 6, 47
3, 6, 46
3, 6, 46
3, 6, 45
3, 6, 45
4, 7, 44
4, 7, 44
4, 7, 43
4, 7, 43
4, 8, 43
4, 8, 42
4, 8, 42
5, 9, 41
5, 9, 41
5, 9, 41
5, 10, 40
5, 10, 40
5, 10, 39
6, 11, 39
6, 11, 39
6, 11, 38
6, 12, 38
6, 12, 38
7, 13, 37
7, 13, 37
7, 14, 37
7, 14, 37
8, 15, 36
8, 15, 36
8, 16, 36
9, 16, 36
9, 17, 35
9, 18, 35
9, 18, 35
10, 19, 35
10, 20, 35
11, 20, 34
11, 21, 34
11, 22, 34
12, 23, 34
12, 24, 34
13, 24, 34
13, 25, 34
14, 26, 34
14, 27, 34
15, 28, 34
15, 29, 34
16, 30, 34
16, 31, 34
17, 33, 34
17, 34, 35
18, 35, 35
19, 36, 35
19, 37, 35
20, 39, 36
21, 40, 36
22, 42, 37
22, 43, 37
23, 44, 38
24, 46, 38
25, 48, 39
26, 49, 40
27, 51, 41
28, 53, 42
29, 54, 43
30, 56, 44
31, 58, 45
32, 60, 46
33, 61, 48
34, 63, 49
35, 65, 51
36, 67, 52
37, 69, 54
39, 71, 56
40, 72, 58
41, 74, 61
42, 76, 63
44, 78, 66
45, 79, 68
46, 81, 71
48, 83, 74
49, 84, 77
50, 85, 81
52, 86, 84
53, 88, 88
55, 88, 91
56, 89, 95
57, 90, 99
58, 90, 103
60, 90, 107
61, 90, 111
62, 90, 116
63, 89, 120
64, 88, 124
65, 87, 129
66, 86, 133
67, 84, 137
67, 82, 141
68, 80, 145
68, 77, 149
69, 74, 153
69, 71, 156
69, 68, 159
69, 64, 162
69, 61, 165
68, 57, 167
68, 53, 170
67, 49, 171
67, 45, 173
66, 40, 174
65, 36, 175
64, 32, 175
62, 28, 176
61, 24, 175
60, 20, 175
58, 16, 174
56, 12, 174
55, 9, 172
53, 6, 171
51, 2, 170
49, -1, 168
47, -3, 166
45, -6, 164
43, -8, 162
41, -10, 160
39, -12, 158
37, -14, 156
35, -16, 154
33, -17, 152
31, -18, 150
29, -19, 148
27, -20, 146
26, -21, 144
24, -22, 142
22, -23, 140
20, -23, 138
19, -24, 136
17, -24, 134
15, -24, 132
14, -25, 130
12, -25, 129
11, -25, 127
9, -25, 125
8, -25, 124
7, -25, 122
6, -25, 121
4, -25, 119
3, -25, 118
2, -25, 117
1, -25, 116
0, -25, 114
-1, -24, 113
-2, -24, 112
-3, -24, 111
-4, -24, 110
-4, -24, 109
-5, -24, 108
-6, -24, 106
-7, -24, 105
-7, -24, 105
-8, -24, 104
-9, -24, 103
-9, -24, 102
-10, -24, 101
-10, -24, 100
-11, -24, 99
-11, -24, 98
-12, -24, 98
-12, -24, 97
-13, -24, 96
-13, -24, 95
-14, -24, 95
-14, -24, 94
-14, -24, 93
-15, -25, 93
-15, -25, 92
-16, -25, 91
-16, -25, 91
-16, -25, 90
-17, -26, 90
-17, -26, 89
-17, -26, 89
-18, -26, 88
-18, -27, 88
-18, -27, 87
-19, -27, 87
-19, -28, 86
-19, -28, 86
-20, -28, 85
-20, -29, 85
-20, -29, 85
-21, -30, 84
-21, -30, 84
-21, -30, 84
-22, -31, 84
-22, -31, 83
-22, -32, 83
-23, -32, 83
-23, -33, 83
-24, -33, 83
-24, -34, 82
-24, -34, 82
-25, -35, 82
-25, -35, 82
-26, -36, 82
-26, -37, 82
-26, -37, 82
-27, -38, 82
-27, -38, 82
-28, -39, 82
-28, -40, 83
-29, -40, 83
-29, -41, 83
-29, -41, 83
-30, -42, 84
-30, -43, 84
-31, -43, 84
-31, -44, 85
-32, -45, 85
-32, -45, 86
-33, -46, 86
-33, -47, 87
-34, -47, 87
-34, -48, 88
-35, -48, 88
-35, -49, 89
-36, -50, 90
-37, -50, 91
-37, -51, 91
-38, -51, 92
-38, -52, 93
-39, -52, 94
-39, -53, 95
-40, -53, 96
-40, -53, 97
-41, -54, 98
-41, -54, 99
-42, -54, 100
-42, -55, 101
-43, -55, 102
-43, -55, 104
-44, -55, 105
-44, -55, 106
-45, -55, 107
-45, -55, 108
-45, -55, 110
-46, -55, 111
-46, -55, 112
-46, -55, 113
-47, -54, 115
-47, -54, 116
-47, -54, 117
-48, -53, 118
-48, -53, 119
-48, -52, 121
-48, -51, 122
-48, -51, 123
-48, -50, 124
-48, -49, 125
-48, -48, 126
-48, -48, 127
-48, -47, 128
-48, -46, 128
-48, -45, 129
-48, -44, 130
-48, -43, 131
-48, -42, 131
-47, -41, 132
-47, -39, 132
-47, -38, 133
-47, -37, 133
-46, -36, 133
-46, -35, 133
-45, -34, 134
-45, -33, 134
-44, -32, 134
-44, -31, 134
-43, -30, 133
-43, -29, 133
-42, -28, 133
-42, -27, 133
-41, -26, 132
-41, -25, 132
-40, -24, 132
-39, -23, 131
-39, -22, 131
-38, -21, 130
-37, -21, 129
-37, -20, 129
-36, -19, 128
-35, -19, 127
-35, -18, 127
-34, -17, 126
-33, -17, 125
-33, -16, 124
-32, -16, 124
-32, -15, 123
-31, -15, 122
-30, -15, 121
-30, -14, 120
-29, -14, 119
-28, -14, 119
-28, -13, 118
-27, -13, 117
-27, -13, 116
-26, -13, 115
-26, -13, 114
-25, -13, 113
-25, -13, 112
-24, -12, 111
-24, -12, 111
-23, -12, 110
-23, -12, 109
-22, -12, 108
-22, -12, 107
-22, -12, 106
-21, -13, 105
-21, -13, 104
-21, -13, 104
-20, -13, 103
-20, -13, 102
-20, -13, 101
-20, -13, 100
-19, -13, 99
-19, -14, 99
-19, -14, 98
-19, -14, 97
-18, -14, 96
-18, -14, 96
-18, -15, 95
-18, -15, 94
-18, -15, 93
-18, -15, 93
-18, -16, 92
-18, -16, 91
-18, -16, 90
-17, -16, 90
-17, -17, 89
-17, -17, 88
-17, -17, 88
-17, -18, 87
-17, -18, 86
-17, -18, 86
-17, -19, 85
-17, -19, 85
-18, -19, 84
-18, -20, 84
-18, -20, 83
-18, -21, 82
-18, -21, 82
-18, -21, 81
-18, -22, 81
-18, -22, 80
-18, -23, 80
-19, -23, 79
-19, -24, 79
-19, -24, 79
-19, -25, 78
-19, -25, 78
-20, -26, 78
-20, -26, 77
-20, -27, 77
-20, -27, 77
-21, -28, 76
-21, -29, 76
-21, -29, 76
-22, -30, 76
-22, -30, 75
-22, -31, 75
-23, -32, 75
-23, -32, 75
-23, -33, 75
-24, -34, 75
-24, -34, 75
-24, -35, 75
-25, -36, 75
-25, -37, 75
-26, -37, 75
-26, -38, 75
-27, -39, 75
-27, -40, 75
-28, -40, 76
-28, -41, 76
-29, -42, 76
-29, -43, 77
-30, -44, 77
-30, -44, 77
-31, -45, 78
-31, -46, 78
-32, -47, 79
-33, -48, 79
-33, -49, 80
-34, -49, 81
-34, -50, 82
-35, -51, 82
-36, -52, 83
-36, -53, 84
-37, -53, 85
-37, -54, 86
-38, -55, 87
-39, -55, 88
-39, -56, 89
-40, -57, 90
-41, -57, 92
-41, -58, 93
-42, -58, 94
-43, -59, 96
-43, -59, 97
-44, -60, 98
-45, -60, 100
-45, -60, 101
-46, -60, 103
-46, -61, 105
-47, -61, 106
-47, -61, 108
-48, -61, 109
-48, -60, 111
-49, -60, 113
-49, -60, 114
-50, -60, 116
-50, -59, 118
-50, -59, 119
-51, -58, 121
-51, -57, 122
-51, -57, 124
-52, -56, 125
-52, -55, 127
-52, -54, 128
-52, -53, 130
-52, -52, 131
-52, -51, 132
-52, -49, 133
-52, -48, 134
-52, -47, 135
-51, -45, 136
-51, -44, 137
-51, -43, 138
-51, -41, 138
-50, -40, 139
-50, -38, 139
-49, -37, 140
-49, -35, 140
-48, -34, 140
-48, -32, 140
-47, -31, 140
-47, -29, 140
-46, -28, 140
-45, -27, 140
-44, -25, 139
-44, -24, 139
-43, -23, 138
-42, -22, 138
-41, -20, 137
-41, -19, 137
-40, -18, 136
-39, -17, 135
-38, -16, 134
-37, -15, 134
-36, -15, 133
-35, -14, 132
-35, -13, 131
-34, -12, 130
-33, -12, 129
-32, -11, 128
-31, -10, 127
-30, -10, 126
-30, -10, 125
-29, -9, 124
-28, -9, 123
-27, -8, 122
-27, -8, 121
-26, -8, 120
-25, -8, 119
-24, -7, 118
-24, -7, 116
-23, -7, 115
-23, -7, 114
-22, -7, 113
-21, -7, 112
-21, -7, 111
-20, -7, 110
-20, -7, 109
-19, -7, 108
-19, -7, 107
-18, -7, 106
-18, -7, 105
-17, -7, 104
-17, -7, 103
-17, -7, 102
-16, -7, 101
-16, -7, 100
-16, -8, 99
-15, -8, 98
-15, -8, 97
-15, -8, 96
-14, -8, 96
-14, -8, 95
-14, -9, 94
-14, -9, 93
-14, -9, 92
-13, -9, 91
-13, -10, 90
-13, -10, 90
-13, -10, 89
-13, -10, 88
-13, -10, 87
-13, -11, 86
-13, -11, 85
-13, -11, 85
-12, -12, 84
-12, -12, 83
-12, -12, 82
-12, -12, 82
-12, -13, 81
-12, -13, 80
-12, -13, 80
-12, -14, 79
-13, -14, 78
-13, -14, 78
-13, -15, 77
-13, -15, 76
-13, -15, 76
-13, -16, 75
-13, -16, 74
-13, -17, 74
-13, -17, 73
-13, -17, 73
-14, -18, 72
-14, -18, 72
-14, -19, 71
-14, -19, 71
-14, -20, 70
-14, -20, 70
-15, -21, 69
-15, -21, 69
-15, -22, 68
-15, -22, 68
-16, -23, 67
-16, -23, 67
-16, -24, 67
-17, -24, 66
-17, -25, 66
-17, -26, 66
-17, -26, 65
-18, -27, 65
-18, -28, 65
-19, -28, 65
-19, -29, 65
-19, -30, 64
-20, -31, 64
-20, -31, 64
-21, -32, 64
-21, -33, 64
-21, -34, 64
-22, -35, 64
-22, -35, 64
-23, -36, 64
-23, -37, 64
-24, -38, 64
-25, -39, 65
-25, -40, 65
-26, -41, 65
-26, -42, 65
-27, -43, 66
-28, -44, 66
-28, -45, 67
-29, -46, 67
-30, -47, 68
-30, -48, 68
-31, -49, 69
-32, -50, 70
-32, -51, 70
-33, -52, 71
-34, -54, 72
-35, -55, 73
-35, -56, 74
-36, -57, 75
-37, -58, 76
-38, -59, 78
-39, -60, 79
-39, -61, 80
-40, -62, 82
-41, -63, 83
-42, -63, 85
-43, -64, 87
-44, -65, 88
-44, -66, 90
-45, -66, 92
-46, -67, 94
-47, -68, 96
-48, -68, 98
-49, -68, 100
-49, -69, 102
-50, -69, 104
-51, -69, 107
-52, -69, 109
-52, -69, 111
-53, -69, 113
-53, -68, 116
-54, -68, 118
-55, -67, 120
-55, -66, 123
-55, -66, 125
-56, -65, 127
-56, -63, 129
-57, -62, 131
-57, -61, 133
-57, -60, 135
-57, -58, 137
-57, -56, 139
-57, -55, 140
-57, -53, 142
-57, -51, 143
-57, -49, 144
-56, -47, 146
-56, -45, 147
-55, -43, 148
-55, -41, 148
-54, -39, 149
-54, -37, 149
-53, -34, 150
-52, -32, 150
-52, -30, 150
-51, -28, 150
-50, -26, 150
-49, -24, 149
-48, -22, 149
-47, -21, 148
-46, -19, 148
-45, -17, 147
-44, -16, 146
-43, -14, 145
-42, -13, 144
-41, -11, 143
-39, -10, 142
-38, -9, 141
-37, -8, 140
-36, -7, 139
-35, -6, 137
-34, -5, 136
-33, -4, 135
-31, -3, 134
-30, -3, 132
-29, -2, 131
-28, -1, 130
-27, -1, 128
-26, 0, 127
-25, 0, 126
-24, 0, 124
-23, 1, 123
-22, 1, 122
-21, 1, 120
-20, 1, 119
-20, 1, 118
-19, 1, 117
-18, 2, 115
-17, 2, 114
-17, 2, 113
-16, 2, 112
-15, 2, 110
-14, 2, 109
-14, 2, 108
-13, 2, 107
-13, 1, 106
-12, 1, 105
-12, 1, 104
-11, 1, 102
-11, 1, 101
-10, 1, 100
-10, 1, 99
-9, 1, 98
-9, 1, 97
-9, 1, 96
-8, 0, 95
-8, 0, 94
-8, 0, 93
-7, 0, 92
-7, 0, 91
-7, 0, 90
-6, 0, 89
-6, -1, 88
-6, -1, 87
-6, -1, 86
-6, -1, 86
-5, -1, 85
-5, -1, 84
-5, -1, 83
-5, -1, 82
-5, -2, 81
-5, -2, 80
-5, -2, 79
-4, -2, 79
-4, -2, 78
-4, -2, 77
-4, -2, 76
-4, -2, 75
-4, -2, 75
-4, -3, 74
-4, -3, 73
-4, -3, 72
-4, -3, 72
-4, -3, 71
-4, -3, 70
-4, -3, 69
-4, -3, 69
-4, -4, 68
-4, -4, 67
^C
root@de1soclinux:~/lab1_week_2# ^C
root@de1soclinux:~/lab1_week_2# clear
root@de1soclinux:~/lab1_week_2# ./vga
Commands:
-4, 0, 100
 p - play / pause
-4, 0, 98
 s - increase speed
-4, 0, 97
 l - decrease speed
-4, 0, 96
 c - clear screen
-4, 0, 95
 g - set sigma
-4, 0, 94
 b - set beta
-4, 0, 93
 r - set rho
-3, 0, 92
 i - set initial conditions
-3, -1, 91
Enter command: -3, -1, 91
-3, -1, 90
-3, -1, 89
-3, -1, 88
-3, -1, 87
-3, -1, 86
-3, -1, 85
-3, -1, 84
-3, -1, 83
-3, -1, 82
-2, -1, 81
-2, -1, 81
-2, -1, 80
-2, -1, 79
-2, -1, 78
-2, -1, 77
-2, -1, 76
-2, -2, 76
-2, -2, 75
-2, -2, 74
-2, -2, 73
-2, -2, 73
-2, -2, 72
-2, -2, 71
-2, -2, 70
-2, -2, 70
-2, -2, 69
-2, -2, 68
-2, -2, 67
-2, -2, 67
-2, -2, 66
-2, -2, 65
-2, -2, 65
-2, -2, 64
-2, -3, 63
-2, -3, 63
-2, -3, 62
-2, -3, 61
-2, -3, 61
-2, -3, 60
-2, -3, 59
-2, -3, 59
-2, -3, 58
-2, -3, 58
-2, -3, 57
-2, -3, 56
-2, -3, 56
-2, -4, 55
-3, -4, 55
-3, -4, 54
-3, -4, 54
-3, -4, 53
-3, -4, 52
-3, -4, 52
-3, -4, 51
-3, -4, 51
-3, -5, 50
-3, -5, 50
-3, -5, 49
-3, -5, 49
-3, -5, 48
-3, -5, 48
-3, -5, 47
-3, -6, 47
-4, -6, 46
-4, -6, 46
-4, -6, 45
-4, -6, 45
-4, -6, 44
-4, -7, 44
-4, -7, 44
-4, -7, 43
-4, -7, 43
-4, -7, 42
-5, -8, 42
-5, -8, 41
-5, -8, 41
-5, -8, 41
-5, -9, 40
-5, -9, 40
-5, -9, 39
-6, -10, 39
-6, -10, 39
-6, -10, 38
-6, -11, 38
-6, -11, 38
-6, -11, 37
-7, -12, 37
-7, -12, 37
-7, -13, 36
-7, -13, 36
-7, -13, 36
-8, -14, 35
-8, -14, 35
-8, -15, 35
-8, -15, 35
-9, -16, 34
-9, -16, 34
-9, -17, 34
-10, -18, 34
-10, -18, 33
-10, -19, 33
-11, -20, 33
-11, -20, 33
-11, -21, 33
-12, -22, 33
-12, -23, 33
-12, -23, 32
-13, -24, 32
-13, -25, 32
-14, -26, 32
-14, -27, 32
-15, -28, 32
-15, -29, 32
-16, -30, 32
-16, -31, 33
-17, -32, 33
-18, -33, 33
-18, -34, 33
-19, -36, 33
-19, -37, 34
-20, -38, 34
-21, -39, 34
-22, -41, 35
-22, -42, 35
-23, -44, 36
-24, -45, 36
-25, -47, 37
-26, -48, 37
-26, -50, 38
-27, -52, 39
-28, -53, 40
-29, -55, 41
-30, -57, 42
-31, -59, 43
-32, -60, 45
-34, -62, 46
-35, -64, 48
-36, -66, 49
-37, -68, 51
-38, -70, 53
-39, -72, 55
-41, -74, 57
-42, -75, 59
-43, -77, 62
-45, -79, 64
-46, -81, 67
-47, -83, 70
-49, -84, 73
-50, -86, 76
-51, -87, 79
-53, -88, 83
-54, -89, 86
-56, -90, 90
-57, -91, 94
-58, -92, 98
-60, -92, 102
-61, -92, 106
-62, -92, 111
-63, -92, 115
-64, -91, 119
-65, -91, 124
-66, -89, 128
-67, -88, 133
-68, -86, 137
-69, -84, 141
-69, -82, 145
-70, -79, 149
-70, -76, 153
-71, -73, 157
-71, -70, 160
-71, -66, 163
-70, -63, 166
-70, -59, 168
-70, -55, 171
-69, -50, 172
-68, -46, 174
-68, -42, 175
-66, -37, 176
-65, -33, 177
-64, -29, 177
-63, -25, 177
-61, -21, 176
-60, -17, 176
-58, -13, 175
-56, -9, 174
-54, -6, 172
-52, -3, 171
-51, 0, 169
-49, 3, 167
-47, 6, 165
-44, 8, 163
-42, 10, 161
-40, 12, 159
-38, 14, 157
-36, 16, 155
-34, 17, 153
-32, 19, 150
-30, 20, 148
-28, 21, 146
-26, 22, 144
-24, 22, 142
-23, 23, 140
-21, 23, 138
-19, 24, 136
-17, 24, 134
-16, 24, 132
-14, 25, 131
-13, 25, 129
-11, 25, 127
-10, 25, 126
-9, 25, 124
-7, 25, 123
-6, 25, 121
-5, 25, 120
-4, 25, 118
-2, 25, 117
-1, 25, 116
0, 25, 115
1, 25, 113
2, 24, 112
2, 24, 111
3, 24, 110
4, 24, 109
5, 24, 108
6, 24, 107
6, 24, 106
7, 24, 105
8, 24, 104
8, 24, 103
9, 24, 102
10, 24, 102
10, 24, 101
11, 24, 100
11, 24, 99
12, 24, 98
12, 24, 98
13, 24, 97
13, 24, 96
13, 24, 96
14, 24, 95
14, 24, 94
15, 25, 94
15, 25, 93
15, 25, 92
16, 25, 92
16, 25, 91
17, 26, 91
17, 26, 90
17, 26, 90
18, 26, 89
18, 27, 89
18, 27, 88
19, 27, 88
19, 28, 87
19, 28, 87
20, 28, 87
20, 29, 86
20, 29, 86
21, 29, 86
21, 30, 86
21, 30, 85
22, 31, 85
22, 31, 85
22, 32, 85
23, 32, 84
23, 33, 84
24, 33, 84
24, 34, 84
24, 34, 84
25, 35, 84
25, 35, 84
25, 36, 84
26, 36, 84
26, 37, 84
27, 37, 84
27, 38, 84
28, 39, 84
28, 39, 85
28, 40, 85
29, 40, 85
29, 41, 85
30, 42, 86
30, 42, 86
31, 43, 86
31, 43, 87
32, 44, 87
32, 45, 88
33, 45, 88
33, 46, 89
34, 46, 89
34, 47, 90
35, 47, 91
35, 48, 91
36, 48, 92
36, 49, 93
37, 49, 94
37, 50, 94
38, 50, 95
38, 51, 96
39, 51, 97
39, 51, 98
40, 52, 99
40, 52, 100
40, 52, 101
41, 52, 102
41, 53, 103
42, 53, 104
42, 53, 105
43, 53, 107
43, 53, 108
43, 53, 109
44, 53, 110
44, 53, 111
44, 52, 112
45, 52, 113
45, 52, 115
45, 52, 116
46, 51, 117
46, 51, 118
46, 50, 119
46, 50, 120
46, 49, 121
46, 48, 122
46, 48, 123
47, 47, 124
47, 46, 125
47, 45, 126
47, 45, 127
46, 44, 127
46, 43, 128
46, 42, 129
46, 41, 129
46, 40, 130
46, 39, 130
45, 38, 131
45, 37, 131
45, 36, 131
44, 35, 132
44, 34, 132
44, 33, 132
43, 32, 132
43, 31, 132
42, 30, 132
42, 29, 132
41, 28, 132
41, 27, 131
40, 26, 131
40, 25, 131
39, 24, 130
39, 24, 130
38, 23, 130
37, 22, 129
37, 21, 129
36, 21, 128
36, 20, 128
35, 19, 127
34, 19, 126
34, 18, 126
33, 18, 125
33, 17, 124
32, 17, 123
31, 16, 123
31, 16, 122
30, 15, 121
30, 15, 120
29, 15, 120
28, 14, 119
28, 14, 118
27, 14, 117
27, 14, 116
26, 13, 115
26, 13, 115
25, 13, 114
25, 13, 113
24, 13, 112
24, 13, 111
24, 13, 110
23, 13, 110
23, 13, 109
22, 13, 108
22, 13, 107
22, 13, 106
21, 13, 105
21, 13, 105
21, 13, 104
20, 13, 103
20, 13, 102
20, 14, 101
20, 14, 101
19, 14, 100
19, 14, 99
19, 14, 98
19, 14, 98
19, 15, 97
18, 15, 96
18, 15, 95
18, 15, 95
18, 15, 94
18, 16, 93
18, 16, 93
18, 16, 92
18, 17, 91
18, 17, 91
18, 17, 90
18, 17, 89
18, 18, 89
18, 18, 88
18, 18, 87
18, 19, 87
18, 19, 86
18, 20, 86
18, 20, 85
18, 20, 85
18, 21, 84
18, 21, 84
18, 22, 83
18, 22, 83
19, 22, 82
19, 23, 82
19, 23, 81
19, 24, 81
19, 24, 81
19, 25, 80
20, 25, 80
20, 26, 80
20, 26, 79
20, 27, 79
21, 27, 79
21, 28, 78
21, 29, 78
21, 29, 78
22, 30, 78
22, 30, 78
22, 31, 78
23, 32, 77
23, 32, 77
23, 33, 77
24, 34, 77
24, 34, 77
25, 35, 77
25, 36, 77
25, 36, 77
26, 37, 78
26, 38, 78
27, 39, 78
27, 39, 78
28, 40, 78
28, 41, 79
29, 42, 79
29, 42, 79
30, 43, 80
30, 44, 80
31, 45, 81
31, 45, 81
32, 46, 82
32, 47, 82
33, 48, 83
34, 48, 84
34, 49, 85
35, 50, 85
35, 51, 86
36, 51, 87
36, 52, 88
37, 53, 89
38, 53, 90
38, 54, 91
39, 54, 92
39, 55, 93
40, 55, 94
41, 56, 96
41, 56, 97
42, 57, 98
42, 57, 100
43, 57, 101
44, 57, 102
44, 58, 104
45, 58, 105
45, 58, 107
46, 58, 108
46, 58, 110
47, 58, 111
47, 57, 113
47, 57, 114
48, 57, 116
48, 56, 117
48, 56, 119
49, 55, 120
49, 55, 121
49, 54, 123
49, 53, 124
50, 52, 125
50, 51, 127
50, 50, 128
50, 49, 129
50, 48, 130
50, 47, 131
50, 46, 132
49, 45, 133
49, 44, 134
49, 42, 135
49, 41, 135
48, 40, 136
48, 39, 136
48, 37, 137
47, 36, 137
47, 34, 138
46, 33, 138
46, 32, 138
45, 30, 138
45, 29, 138
44, 28, 138
44, 27, 137
43, 25, 137
42, 24, 137
41, 23, 136
41, 22, 136
40, 21, 135
39, 20, 135
39, 19, 134
38, 18, 134
37, 17, 133
36, 16, 132
35, 15, 131
35, 15, 131
34, 14, 130
33, 13, 129
32, 13, 128
32, 12, 127
31, 12, 126
30, 11, 125
29, 11, 124
29, 10, 123
28, 10, 122
27, 9, 121
26, 9, 120
26, 9, 119
25, 9, 118
24, 8, 117
24, 8, 116
23, 8, 115
23, 8, 114
22, 8, 113
22, 8, 112
21, 8, 111
20, 8, 110
20, 8, 109
19, 8, 108
19, 8, 107
19, 8, 106
18, 8, 105
18, 8, 104
17, 8, 103
17, 8, 103
17, 8, 102
16, 8, 101
16, 9, 100
16, 9, 99
15, 9, 98
15, 9, 97
15, 9, 96
15, 9, 95
15, 10, 95
14, 10, 94
14, 10, 93
14, 10, 92
14, 11, 91
14, 11, 90
14, 11, 90
14, 11, 89
13, 12, 88
13, 12, 87
13, 12, 87
13, 12, 86
13, 13, 85
13, 13, 84
13, 13, 84
13, 14, 83
13, 14, 82
13, 14, 82
13, 15, 81
13, 15, 80
13, 15, 80
13, 16, 79
14, 16, 78
14, 16, 78
14, 17, 77
14, 17, 77
14, 18, 76
14, 18, 76
14, 19, 75
15, 19, 75
15, 19, 74
15, 20, 74
15, 20, 73
15, 21, 73
15, 21, 72
16, 22, 72
16, 23, 71
16, 23, 71
17, 24, 71
17, 24, 70
17, 25, 70
17, 25, 70
18, 26, 70
18, 27, 69
18, 27, 69
19, 28, 69
19, 29, 69
19, 29, 68
20, 30, 68
20, 31, 68
21, 32, 68
21, 32, 68
22, 33, 68
22, 34, 68
22, 35, 68
23, 36, 68
23, 37, 68
24, 37, 68
24, 38, 69
25, 39, 69
26, 40, 69
26, 41, 69
27, 42, 70
27, 43, 70
28, 44, 71
29, 45, 71
29, 46, 72
30, 47, 72
30, 48, 73
31, 49, 74
32, 50, 74
33, 51, 75
33, 52, 76
34, 53, 77
35, 54, 78
35, 54, 79
36, 55, 80
37, 56, 81
38, 57, 82
38, 58, 84
39, 59, 85
40, 60, 86
41, 60, 88
42, 61, 89
42, 62, 91
43, 62, 93
44, 63, 94
45, 63, 96
45, 64, 98
46, 64, 100
47, 65, 102
47, 65, 104
48, 65, 106
49, 65, 108
49, 65, 110
50, 65, 112
51, 64, 114
51, 64, 116
52, 64, 118
52, 63, 120
52, 62, 122
53, 61, 124
53, 61, 126
53, 60, 128
54, 59, 129
54, 57, 131
54, 56, 133
54, 55, 135
54, 53, 136
54, 52, 138
54, 50, 139
54, 48, 140
54, 47, 141
53, 45, 142
53, 43, 143
53, 41, 144
52, 40, 145
52, 38, 145
51, 36, 146
51, 34, 146
50, 32, 146
49, 30, 146
49, 28, 146
48, 27, 146
47, 25, 146
46, 23, 145
45, 22, 145
44, 20, 144
43, 19, 144
42, 17, 143
41, 16, 142
40, 14, 142
39, 13, 141
38, 12, 140
37, 11, 139
36, 10, 138
35, 9, 137
34, 8, 136
33, 7, 134
32, 6, 133
31, 5, 132
30, 5, 131
29, 4, 130
28, 4, 128
27, 3, 127
26, 3, 126
25, 2, 125
24, 2, 124
24, 2, 122
23, 1, 121
22, 1, 120
21, 1, 119
20, 1, 117
20, 1, 116
19, 1, 115
18, 1, 114
17, 1, 113
17, 1, 112
16, 0, 110
15, 1, 109
15, 1, 108
14, 1, 107
14, 1, 106
13, 1, 105
13, 1, 104
12, 1, 103
12, 1, 102
11, 1, 101
11, 1, 100
11, 1, 98
10, 2, 97
10, 2, 96
10, 2, 95
9, 2, 95
9, 2, 94
9, 2, 93
9, 2, 92
8, 3, 91
8, 3, 90
8, 3, 89
8, 3, 88
7, 3, 87
7, 3, 86
7, 4, 85
7, 4, 84
7, 4, 84
7, 4, 83
7, 4, 82
7, 5, 81
7, 5, 80
6, 5, 79
6, 5, 79
6, 5, 78
6, 6, 77
6, 6, 76
6, 6, 76
6, 6, 75
6, 6, 74
6, 7, 73
6, 7, 73
6, 7, 72
6, 7, 71
6, 7, 71
6, 8, 70
6, 8, 69
6, 8, 68
7, 8, 68
7, 9, 67
7, 9, 67
7, 9, 66
7, 10, 65
7, 10, 65
7, 10, 64
7, 11, 63
7, 11, 63
8, 11, 62
8, 12, 62
8, 12, 61
8, 12, 61
8, 13, 60
8, 13, 60
8, 13, 59
9, 14, 59
9, 14, 58
9, 15, 58
9, 15, 57
10, 16, 57
10, 16, 56
10, 16, 56
10, 17, 55
11, 18, 55
11, 18, 55
11, 19, 54
11, 19, 54
12, 20, 54
12, 20, 53
12, 21, 53
13, 22, 53
13, 22, 52
13, 23, 52
14, 24, 52
14, 24, 52
15, 25, 52
15, 26, 51
15, 27, 51
16, 28, 51
16, 28, 51
17, 29, 51
17, 30, 51
18, 31, 51
18, 32, 51
19, 33, 51
19, 34, 51
20, 35, 51
21, 36, 51
21, 37, 52
22, 38, 52
22, 40, 52
23, 41, 53
24, 42, 53
25, 43, 53
25, 44, 54
26, 46, 54
27, 47, 55
28, 48, 56
28, 50, 57
29, 51, 57
30, 52, 58
31, 54, 59
32, 55, 60
33, 57, 61
34, 58, 63
35, 59, 64
36, 61, 65
37, 62, 67
38, 64, 68
39, 65, 70
40, 66, 72
41, 68, 74
42, 69, 76
43, 70, 78
44, 71, 80
45, 72, 82
46, 73, 84
47, 74, 87
48, 75, 89
49, 76, 92
50, 76, 95
51, 77, 98
52, 77, 100
53, 78, 103
54, 78, 106
55, 78, 110
56, 78, 113
57, 77, 116
58, 77, 119
58, 76, 122
59, 75, 125
60, 74, 128
60, 73, 131
61, 71, 134
61, 70, 137
61, 68, 140
62, 66, 142
62, 64, 145
62, 61, 147
62, 59, 150
62, 56, 152
62, 54, 154
61, 51, 155
61, 48, 157
60, 45, 158
60, 42, 159
59, 39, 160
58, 36, 161
57, 33, 161
56, 30, 161
55, 28, 161
54, 25, 161
53, 22, 161
52, 19, 160
51, 17, 160
49, 14, 159
48, 12, 158
47, 10, 157
45, 7, 156
44, 5, 154
42, 4, 153
41, 2, 152
39, 0, 150
38, -1, 149
36, -3, 147
35, -4, 145
33, -5, 144
32, -6, 142
30, -7, 140
29, -8, 139
27, -9, 137
26, -9, 135
24, -10, 134
23, -10, 132
22, -11, 131
21, -11, 129
19, -11, 127
18, -12, 126
17, -12, 124
16, -12, 123
15, -12, 121
14, -12, 120
13, -12, 118
12, -12, 117
11, -12, 116
10, -12, 114
9, -12, 113
8, -12, 112
7, -12, 111
7, -12, 109
6, -12, 108
5, -12, 107
4, -12, 106
4, -12, 104
3, -12, 103
3, -12, 102
2, -12, 101
1, -12, 100
1, -12, 99
0, -12, 98
0, -12, 97
0, -12, 96
-1, -12, 95
-1, -11, 94
-2, -11, 93
-2, -11, 92
-2, -11, 91
-3, -11, 90
-3, -11, 89
-3, -11, 88
-4, -11, 87
-4, -11, 86
-4, -12, 86
-5, -12, 85
-5, -12, 84
-5, -12, 83
-5, -12, 82
-6, -12, 81
-6, -12, 81
-6, -12, 80
-6, -12, 79
-7, -12, 78
-7, -13, 78
-7, -13, 77
-7, -13, 76
-8, -13, 75
-8, -13, 75
-8, -13, 74
-8, -14, 73
-8, -14, 73
-9, -14, 72
-9, -14, 71
-9, -15, 71
-9, -15, 70
-9, -15, 69
-10, -16, 69
-10, -16, 68
-10, -16, 68
-10, -17, 67
-11, -17, 67
-11, -17, 66
-11, -18, 66
-11, -18, 65
-12, -19, 65
-12, -19, 64
-12, -20, 64
-13, -20, 63
-13, -20, 63
-13, -21, 62
-13, -22, 62
-14, -22, 62
-14, -23, 61
-14, -23, 61
-15, -24, 60
-15, -24, 60
-15, -25, 60
-16, -26, 60
-16, -26, 59
-17, -27, 59
-17, -28, 59
-17, -29, 59
-18, -29, 59
-18, -30, 58
-19, -31, 58
-19, -32, 58
-20, -33, 58
-20, -33, 58
-21, -34, 58
-21, -35, 58
-22, -36, 58
-22, -37, 59
-23, -38, 59
-24, -39, 59
-24, -40, 59
-25, -41, 59
-25, -42, 60
-26, -43, 60
-27, -45, 61
-27, -46, 61
-28, -47, 62
-29, -48, 62
-30, -49, 63
-30, -50, 64
-31, -52, 64
-32, -53, 65
-33, -54, 66
-34, -55, 67
-35, -56, 68
-35, -58, 69
-36, -59, 71
-37, -60, 72
-38, -61, 73
-39, -62, 75
-40, -64, 76
-41, -65, 78
-42, -66, 80
-43, -67, 81
-44, -68, 83
-45, -69, 85
-45, -70, 87
-46, -70, 89
-47, -71, 92
-48, -72, 94
-49, -72, 96
-50, -73, 99
-51, -73, 101
-52, -73, 104
-53, -73, 106
-53, -73, 109
-54, -73, 111
-55, -73, 114
-56, -72, 117
-56, -72, 119
-57, -71, 122
-58, -70, 125
-58, -69, 127
-58, -68, 130
-59, -67, 132
-59, -65, 135
-59, -64, 137
-60, -62, 139
-60, -60, 141
-60, -58, 143
-60, -56, 145
-60, -54, 147
-59, -52, 148
-59, -50, 150
-59, -47, 151
-58, -45, 152
-58, -42, 153
-57, -40, 154
-56, -37, 154
-56, -35, 155
-55, -32, 155
-54, -30, 155
-53, -28, 155
-52, -25, 155
-51, -23, 154
-50, -21, 154
-49, -19, 153
-48, -17, 152
-46, -15, 152
-45, -13, 151
-44, -11, 150
-43, -9, 148
-41, -8, 147
-40, -6, 146
-39, -5, 145
-37, -4, 143
-36, -3, 142
-35, -2, 141
-33, -1, 139
-32, 0, 138
-31, 1, 136
-30, 2, 135
-28, 2, 133
-27, 3, 132
-26, 4, 130
-25, 4, 129
-24, 4, 127
-23, 5, 126
-22, 5, 125
-21, 5, 123
-20, 6, 122
-19, 6, 120
-18, 6, 119
-17, 6, 118
-16, 6, 116
-15, 6, 115
-14, 6, 114
-13, 6, 112
-13, 6, 111
-12, 6, 110
-11, 6, 109
-10, 6, 108
-10, 6, 106
-9, 6, 105
-9, 6, 104
-8, 6, 103
-8, 6, 102
-7, 5, 101
-7, 5, 100
-6, 5, 98
-6, 5, 97
-5, 5, 96
-5, 5, 95
-4, 5, 94
-4, 5, 93
-4, 5, 92
-3, 5, 91
-3, 5, 90
-3, 4, 89
-2, 4, 88
-2, 4, 87
-2, 4, 87
-2, 4, 86
-1, 4, 85
-1, 4, 84
-1, 4, 83
-1, 4, 82
-1, 4, 81
0, 4, 80
0, 4, 80
0, 4, 79
0, 4, 78
0, 4, 77
0, 4, 76
0, 4, 75
1, 4, 75
1, 4, 74
1, 4, 73
1, 4, 72
1, 4, 72
1, 4, 71
1, 4, 70
1, 4, 69
2, 4, 69
2, 4, 68
2, 5, 67
2, 5, 67
2, 5, 66
2, 5, 65
2, 5, 65
2, 5, 64
2, 5, 63
3, 5, 63
3, 5, 62
3, 5, 61
3, 6, 61
3, 6, 60
3, 6, 59
3, 6, 59
3, 6, 58
3, 6, 58
4, 7, 57
4, 7, 57
4, 7, 56
4, 7, 55
4, 7, 55
4, 8, 54
4, 8, 54
4, 8, 53
5, 8, 53
5, 9, 52
5, 9, 52
5, 9, 51
5, 9, 51
5, 10, 50
5, 10, 50
6, 10, 49
6, 11, 49
6, 11, 48
6, 11, 48
6, 12, 48
7, 12, 47
7, 12, 47
7, 13, 46
7, 13, 46
8, 14, 46
8, 14, 45
8, 15, 45
8, 15, 44
9, 16, 44
9, 16, 44
9, 17, 44
9, 17, 43
10, 18, 43
10, 19, 43
10, 19, 42
11, 20, 42
11, 20, 42
11, 21, 42
12, 22, 42
12, 23, 41
13, 23, 41
13, 24, 41
13, 25, 41
14, 26, 41
14, 27, 41
15, 28, 41
15, 29, 41
16, 30, 41
16, 31, 41
17, 32, 41
18, 33, 41
18, 34, 41
19, 35, 41
19, 36, 42
20, 37, 42
21, 39, 42
21, 40, 43
22, 41, 43
23, 43, 44
24, 44, 44
25, 45, 45
25, 47, 45
26, 48, 46
27, 50, 47
28, 51, 48
29, 53, 49
30, 55, 50
31, 56, 51
32, 58, 52
33, 60, 53
34, 61, 55
35, 63, 56
36, 65, 58
37, 66, 59
38, 68, 61
39, 69, 63
41, 71, 65
42, 73, 67
43, 74, 70
44, 76, 72
45, 77, 75
47, 78, 77
48, 80, 80
49, 81, 83
50, 82, 86
52, 83, 90
53, 84, 93
54, 84, 96
55, 85, 100
56, 85, 103
57, 85, 107
59, 85, 111
60, 85, 115
61, 84, 118
62, 84, 122
62, 83, 126
63, 81, 130
64, 80, 133
65, 78, 137
65, 76, 141
65, 74, 144
66, 72, 147
66, 69, 151
66, 66, 154
66, 63, 156
66, 60, 159
66, 57, 161
65, 53, 163
65, 50, 165
64, 46, 166
64, 43, 168
63, 39, 169
62, 35, 169
61, 32, 170
60, 28, 170
59, 24, 170
57, 21, 169
56, 18, 169
54, 14, 168
53, 11, 167
51, 8, 166
49, 6, 165
48, 3, 163
46, 1, 162
44, -2, 160
42, -4, 158
41, -6, 157
39, -8, 155
37, -9, 153
35, -11, 151
33, -12, 149
32, -13, 147
30, -14, 145
28, -15, 143
26, -16, 141
25, -17, 139
23, -17, 137
22, -18, 136
20, -18, 134
19, -19, 132
17, -19, 130
16, -19, 129
14, -20, 127
13, -20, 125
12, -20, 124
10, -20, 122
9, -20, 121
8, -20, 119
7, -20, 118
6, -20, 117
5, -20, 115
4, -20, 114
3, -20, 113
2, -20, 111
1, -20, 110
1, -19, 109
0, -19, 108
-1, -19, 107
-2, -19, 106
-2, -19, 105
-3, -19, 104
-4, -19, 102
-4, -19, 101
-5, -19, 100
-5, -19, 99
-6, -19, 99
-6, -19, 98
-7, -19, 97
-7, -19, 96
-8, -19, 95
-8, -19, 94
-9, -19, 93
-9, -19, 92
-10, -19, 92
-10, -19, 91
-10, -20, 90
-11, -20, 89
-11, -20, 88
-11, -20, 88
-12, -20, 87
-12, -20, 86
-12, -21, 86
-13, -21, 85
-13, -21, 84
-13, -21, 84
-14, -21, 83
-14, -22, 83
-14, -22, 82
-15, -22, 81
-15, -23, 81
-15, -23, 80
-15, -23, 80
-16, -24, 79
-16, -24, 79
-16, -25, 78
-17, -25, 78
-17, -25, 77
-17, -26, 77
-18, -26, 77
-18, -27, 76
-18, -27, 76
-19, -28, 76
-19, -28, 75
-19, -29, 75
-20, -30, 75
-20, -30, 74
-21, -31, 74
-21, -31, 74
-21, -32, 74
-22, -33, 74
-22, -33, 74
-23, -34, 74
-23, -35, 74
-24, -35, 74
-24, -36, 74
-24, -37, 74
-25, -37, 74
-25, -38, 74
-26, -39, 74
-26, -40, 74
-27, -41, 74
-27, -41, 75
-28, -42, 75
-29, -43, 75
-29, -44, 76
-30, -45, 76
-30, -46, 76
-31, -46, 77
-32, -47, 78
-32, -48, 78
-33, -49, 79
-33, -50, 79
-34, -51, 80
-35, -51, 81
-35, -52, 82
-36, -53, 83
-37, -54, 84
-37, -55, 85
-38, -55, 86
-39, -56, 87
-39, -57, 88
-40, -57, 89
-41, -58, 91
-41, -59, 92
-42, -59, 93
-43, -60, 95
-43, -60, 96
-44, -61, 98
-45, -61, 99
-45, -61, 101
-46, -62, 102
-47, -62, 104
-47, -62, 106
-48, -62, 107
-48, -62, 109
-49, -62, 111
-49, -61, 112
-50, -61, 114
-50, -61, 116
-51, -60, 118
-51, -60, 119
-51, -59, 121
-52, -59, 123
-52, -58, 124
-52, -57, 126
-52, -56, 127
-52, -55, 129
-53, -54, 130
-53, -53, 132
-53, -51, 133
-53, -50, 134
-52, -49, 135
-52, -47, 136
-52, -46, 137
-52, -44, 138
-52, -43, 139
-51, -41, 139
-51, -40, 140
-50, -38, 141
-50, -37, 141
-49, -35, 141
-49, -34, 141
-48, -32, 141
-48, -31, 141
-47, -29, 141
-46, -28, 141
-46, -26, 141
-45, -25, 141
-44, -23, 140
-43, -22, 140
-42, -21, 139
-42, -20, 139
-41, -19, 138
-40, -17, 137
-39, -16, 136
-38, -15, 135
-37, -14, 135
-36, -14, 134
-35, -13, 133
-35, -12, 132
-34, -11, 131
-33, -11, 130
-32, -10, 129
-31, -9, 128
-30, -9, 127
-29, -8, 126
-29, -8, 124
-28, -8, 123
-27, -7, 122
-26, -7, 121
-25, -7, 120
-25, -6, 119
-24, -6, 118
-23, -6, 117
-23, -6, 116
-22, -6, 115
-21, -6, 113
-21, -6, 112
-20, -6, 111
-20, -6, 110
-19, -6, 109
-19, -6, 108
-18, -6, 107
-18, -6, 106
-17, -6, 105
-17, -6, 104
-16, -6, 103
-16, -6, 102
-15, -6, 101
-15, -6, 100
-15, -6, 99
-14, -7, 98
-14, -7, 97
-14, -7, 96
-14, -7, 95
-13, -7, 94
-13, -8, 94
-13, -8, 93
-13, -8, 92
-12, -8, 91
-12, -8, 90
-12, -9, 89
-12, -9, 88
-12, -9, 87
-12, -9, 87
-12, -9, 86
-12, -10, 85
-11, -10, 84
-11, -10, 83
-11, -10, 83
-11, -11, 82
-11, -11, 81
-11, -11, 80
-11, -12, 80
-11, -12, 79
-11, -12, 78
-11, -12, 78
-11, -13, 77
-11, -13, 76
-12, -13, 76
-12, -14, 75
-12, -14, 74
-12, -14, 74
-12, -15, 73
-12, -15, 72
-12, -16, 72
-12, -16, 71
-12, -16, 71
-13, -17, 70
-13, -17, 70
-13, -18, 69
-13, -18, 69
-13, -19, 68
-13, -19, 68
-14, -20, 67
-14, -20, 67
-14, -21, 66
-14, -21, 66
-15, -22, 65
-15, -22, 65
-15, -23, 65
-16, -23, 64
-16, -24, 64
-16, -25, 64
-16, -25, 63
-17, -26, 63
-17, -27, 63
-18, -27, 62
-18, -28, 62
-18, -29, 62
-19, -29, 62
-19, -30, 62
-20, -31, 62
-20, -32, 62
-20, -33, 62
-21, -33, 62
-21, -34, 62
-22, -35, 62
-22, -36, 62
-23, -37, 62
-24, -38, 62
-24, -39, 62
-25, -40, 62
-25, -41, 63
-26, -42, 63
-27, -43, 63
-27, -44, 64
-28, -45, 64
-29, -46, 65
-29, -47, 65
-30, -48, 66
-31, -50, 67
-31, -51, 67
-32, -52, 68
-33, -53, 69
-34, -54, 70
-34, -55, 71
-35, -56, 72
-36, -58, 73
-37, -59, 74
-38, -60, 76
-39, -61, 77
-40, -62, 78
-40, -63, 80
-41, -64, 82
-42, -65, 83
-43, -66, 85
-44, -67, 87
-45, -67, 89
-46, -68, 91
-47, -69, 93
-47, -69, 95
-48, -70, 97
-49, -70, 99
-50, -71, 101
-51, -71, 104
-52, -71, 106
-52, -71, 109
-53, -71, 111
-54, -70, 113
-54, -70, 116
-55, -70, 118
-56, -69, 121
-56, -68, 123
-57, -67, 125
-57, -66, 128
-57, -65, 130
-58, -64, 132
-58, -62, 135
-58, -61, 137
-58, -59, 139
-58, -57, 140
-58, -56, 142
-58, -54, 144
-58, -52, 145
-58, -50, 147
-57, -47, 148
-57, -45, 149
-56, -43, 150
-56, -41, 151
-55, -38, 151
-55, -36, 152
-54, -34, 152
-53, -32, 152
-52, -29, 152
-51, -27, 152
-51, -25, 152
-50, -23, 151
-49, -21, 151
-47, -19, 150
-46, -17, 149
-45, -16, 149
-44, -14, 148
-43, -12, 147
-42, -11, 146
-40, -9, 145
-39, -8, 144
-38, -7, 142
-37, -6, 141
-36, -5, 140
-34, -4, 138
-33, -3, 137
-32, -2, 136
-31, -1, 134
-30, 0, 133
-29, 0, 132
-27, 1, 130
-26, 1, 129
-25, 2, 127
-24, 2, 126
-23, 2, 125
-22, 3, 123
-21, 3, 122
-20, 3, 121
-19, 3, 119
-18, 3, 118
-18, 3, 117
-17, 3, 115
-16, 4, 114
-15, 4, 113
-15, 4, 112
-14, 4, 110
-13, 4, 109
-12, 3, 108
-12, 3, 107
-11, 3, 106
-11, 3, 104
-10, 3, 103
-10, 3, 102
-9, 3, 101
-9, 3, 100
-8, 3, 99
-8, 3, 98
-7, 3, 97
-7, 2, 96
-7, 2, 95
-6, 2, 94
-6, 2, 93
-6, 2, 92
-5, 2, 91
-5, 2, 90
-5, 2, 89
-5, 2, 88
-4, 1, 87
-4, 1, 86
-4, 1, 85
-4, 1, 84
-3, 1, 83
-3, 1, 83
-3, 1, 82
-3, 1, 81
-3, 1, 80
-3, 1, 79
-3, 1, 78
-2, 1, 77
-2, 0, 77
-2, 0, 76
-2, 0, 75
-2, 0, 74
-2, 0, 73
-2, 0, 73
-2, 0, 72
-2, 0, 71
-2, 0, 70
-2, 0, 70
-1, 0, 69
-1, 0, 68
-1, 0, 68
-1, 0, 67
-1, 0, 66
-1, 0, 65
-1, 0, 65
-1, 0, 64
-1, 0, 63
-1, 0, 63
-1, 0, 62
-1, 0, 61
-1, 0, 61
-1, 0, 60
-1, 0, 60
-1, -1, 59
-1, -1, 58
-1, -1, 58
-1, -1, 57
-1, -1, 56
-1, -1, 56
-1, -1, 55
-1, -1, 55
-1, -1, 54
-1, -1, 54
-1, -1, 53
-1, -1, 52
-1, -1, 52
-1, -1, 51
-1, -1, 51
-1, -1, 50
-1, -1, 50
-1, -1, 49
-1, -1, 49
-1, -1, 48
-1, -1, 48
-1, -1, 47
-1, -1, 47
-1, -1, 46
-1, -1, 46
-1, -1, 45
-1, -1, 45
-1, -1, 44
-1, -1, 44
-1, -1, 43
-1, -1, 43
-1, -1, 42
-1, -1, 42
-1, -1, 42
-1, -1, 41
-1, -1, 41
-1, -1, 40
-1, -1, 40
-1, -1, 39
-1, -1, 39
-1, -1, 39
-1, -1, 38
-1, -1, 38
-1, -1, 37
-1, -1, 37
-1, -2, 37
-1, -2, 36
-1, -2, 36
-1, -2, 35
-1, -2, 35
-1, -2, 35
-1, -2, 34
-1, -2, 34
-1, -2, 34
-1, -2, 33
-1, -2, 33
-1, -2, 33
-1, -2, 32
-1, -2, 32
-1, -2, 32
-1, -2, 31
-1, -2, 31
-1, -2, 31
-2, -2, 30
-2, -3, 30
-2, -3, 30
-2, -3, 29
-2, -3, 29
-2, -3, 29
-2, -3, 28
-2, -3, 28
-2, -3, 28
-2, -3, 27
-2, -3, 27
-2, -3, 27
-2, -4, 27
-2, -4, 26
-2, -4, 26
-2, -4, 26
-2, -4, 26
-2, -4, 25
-2, -4, 25
-3, -5, 25
-3, -5, 24
-3, -5, 24
-3, -5, 24
-3, -5, 24
-3, -5, 24
-3, -6, 23
-3, -6, 23
-3, -6, 23
-3, -6, 23
-3, -6, 22
-4, -7, 22
-4, -7, 22
-4, -7, 22
-4, -7, 21
-4, -8, 21
-4, -8, 21
-4, -8, 21
-5, -9, 21
-5, -9, 21
-5, -9, 20
-5, -10, 20
-5, -10, 20
-5, -10, 20
-6, -11, 20
-6, -11, 19
-6, -12, 19
-6, -12, 19
-6, -13, 19
-7, -13, 19
-7, -14, 19
-7, -14, 19
-7, -15, 19
-8, -15, 18
-8, -16, 18
-8, -17, 18
-9, -17, 18
-9, -18, 18
-9, -19, 18
-10, -19, 18
-10, -20, 18
-10, -21, 18
-11, -22, 18
-11, -23, 18
-12, -23, 18
-12, -24, 18
-13, -25, 18
-13, -26, 18
-14, -27, 18
-14, -29, 19
-15, -30, 19
-15, -31, 19
-16, -32, 19
-17, -33, 19
-17, -35, 20
-18, -36, 20
-19, -37, 21
-19, -39, 21
-20, -40, 21
-21, -42, 22
-22, -44, 23
-23, -45, 23
-23, -47, 24
-24, -49, 25
-25, -51, 26
-26, -53, 27
-27, -54, 28
-28, -56, 29
-30, -59, 30
-31, -61, 31
-32, -63, 33
-33, -65, 34
-34, -67, 36
-36, -69, 38
-37, -72, 40
-38, -74, 42
-40, -76, 44
-41, -78, 47
-43, -81, 49
-44, -83, 52
-46, -85, 55
-47, -87, 58
-49, -89, 61
-50, -91, 65
-52, -93, 69
-53, -95, 73
-55, -97, 77
-57, -98, 81
-58, -100, 86
-60, -101, 90
-62, -101, 95
-63, -102, 100
-65, -102, 105
-66, -102, 111
-68, -102, 116
-69, -101, 121
-70, -100, 127
-71, -99, 132
-72, -97, 138
-73, -95, 143
-74, -92, 148
-75, -89, 153
-75, -86, 158
-76, -82, 163
-76, -78, 167
-76, -74, 171
-76, -69, 175
-76, -64, 178
-75, -59, 181
-75, -54, 183
-74, -48, 185
-73, -43, 186
-72, -37, 187
-70, -32, 188
-69, -27, 188
-67, -21, 188
-65, -16, 187
-63, -11, 186
-61, -7, 185
-59, -2, 184
-57, 2, 182
-55, 6, 180
-52, 9, 178
-50, 13, 175
-48, 16, 173
-45, 18, 170
-43, 21, 168
-40, 23, 165
-38, 25, 162
-35, 27, 160
-33, 28, 157
-30, 30, 155
-28, 31, 152
-26, 32, 150
-24, 33, 147
-21, 33, 145
-19, 34, 143
-17, 34, 141
-15, 35, 139
-13, 35, 137
-11, 35, 135
-9, 35, 133
-8, 35, 131
-6, 35, 130
-4, 35, 128
-3, 35, 127
-1, 35, 125
0, 35, 124
1, 35, 123
3, 35, 121
4, 34, 120
5, 34, 119
6, 34, 118
7, 34, 117
8, 34, 116
9, 33, 115
10, 33, 114
11, 33, 113
12, 33, 113
13, 33, 112
14, 33, 111
14, 33, 110
15, 32, 110
16, 32, 109
16, 32, 109
17, 32, 108
18, 32, 107
18, 32, 107
19, 32, 106
19, 32, 106
20, 32, 105
20, 32, 105
21, 32, 104
21, 32, 104
22, 32, 104
22, 32, 103
22, 32, 103
23, 32, 102
23, 32, 102
23, 32, 102
24, 32, 102
24, 33, 101
24, 33, 101
25, 33, 101
25, 33, 101
25, 33, 100
26, 33, 100
26, 33, 100
26, 34, 100
27, 34, 100
27, 34, 99
27, 34, 99
27, 34, 99
28, 35, 99
28, 35, 99
28, 35, 99
28, 35, 99
29, 35, 99
29, 36, 99
29, 36, 99
30, 36, 99
30, 36, 99
30, 36, 99
30, 37, 99
31, 37, 99
31, 37, 99
31, 37, 99
31, 38, 100
32, 38, 100
32, 38, 100
32, 38, 100
32, 38, 100
32, 39, 100
33, 39, 101
33, 39, 101
33, 39, 101
33, 39, 101
34, 40, 102
34, 40, 102
34, 40, 102
34, 40, 102
35, 40, 103
35, 40, 103
35, 41, 103
35, 41, 104
35, 41, 104
36, 41, 104
36, 41, 105
36, 41, 105
36, 41, 106
36, 41, 106
37, 41, 106
37, 41, 107
37, 41, 107
37, 41, 108
37, 41, 108
37, 41, 108
38, 41, 109
38, 41, 109
38, 41, 110
38, 41, 110
38, 41, 110
38, 41, 111
38, 41, 111
38, 40, 112
38, 40, 112
39, 40, 112
39, 40, 113
39, 40, 113
39, 39, 113
39, 39, 114
39, 39, 114
39, 39, 114
39, 38, 115
39, 38, 115
39, 38, 115
39, 38, 116
39, 37, 116
39, 37, 116
39, 37, 116
38, 36, 117
38, 36, 117
38, 36, 117
38, 35, 117
38, 35, 117
38, 35, 117
38, 34, 117
38, 34, 117
38, 34, 117
37, 33, 117
37, 33, 118
37, 32, 118
37, 32, 117
37, 32, 117
36, 31, 117
36, 31, 117
36, 31, 117
36, 30, 117
36, 30, 117
35, 30, 117
35, 29, 117
35, 29, 117
35, 29, 116
35, 29, 116
34, 28, 116
34, 28, 116
34, 28, 115
34, 28, 115
33, 27, 115
33, 27, 115
33, 27, 114
33, 27, 114
32, 27, 114
32, 26, 113
32, 26, 113
32, 26, 113
32, 26, 112
31, 26, 112
31, 26, 112
31, 26, 111
31, 25, 111
30, 25, 111
30, 25, 110
30, 25, 110
30, 25, 109
30, 25, 109
30, 25, 109
29, 25, 108
29, 25, 108
29, 25, 108
29, 25, 107
29, 25, 107
29, 25, 106
28, 25, 106
28, 25, 106
28, 25, 105
28, 25, 105
28, 25, 104
28, 26, 104
28, 26, 104
28, 26, 103
28, 26, 103
28, 26, 103
28, 26, 102
27, 26, 102
27, 26, 102
27, 27, 101
27, 27, 101
27, 27, 101
27, 27, 100
27, 27, 100
27, 28, 100
27, 28, 100
27, 28, 99
27, 28, 99
27, 28, 99
27, 29, 98
28, 29, 98
28, 29, 98
28, 29, 98
28, 30, 98
28, 30, 97
28, 30, 97
28, 31, 97
28, 31, 97
28, 31, 97
28, 31, 97
28, 32, 97
29, 32, 96
29, 32, 96
29, 33, 96
29, 33, 96
29, 33, 96
29, 33, 96
29, 34, 96
30, 34, 96
30, 34, 96
30, 35, 96
30, 35, 96
30, 35, 96
31, 36, 96
31, 36, 96
31, 36, 96
31, 37, 97
31, 37, 97
32, 37, 97
32, 38, 97
32, 38, 97
32, 38, 97
33, 39, 98
33, 39, 98
33, 39, 98
33, 39, 98
33, 40, 99
34, 40, 99
34, 40, 99
34, 40, 100
34, 41, 100
35, 41, 100
35, 41, 101
35, 41, 101
35, 42, 102
36, 42, 102
36, 42, 102
36, 42, 103
36, 42, 103
37, 42, 104
37, 42, 104
37, 43, 105
37, 43, 105
37, 43, 106
38, 43, 106
38, 43, 107
38, 43, 107
38, 43, 108
38, 43, 108
39, 43, 109
39, 43, 109
39, 43, 110
39, 42, 110
39, 42, 111
39, 42, 111
39, 42, 112
40, 42, 112
40, 42, 113
40, 42, 113
40, 41, 114
40, 41, 114
40, 41, 114
40, 41, 115
40, 40, 115
40, 40, 116
40, 40, 116
40, 39, 116
40, 39, 117
40, 39, 117
40, 38, 117
40, 38, 118
40, 37, 118
40, 37, 118
39, 37, 119
39, 36, 119
39, 36, 119
39, 35, 119
39, 35, 119
39, 34, 119
39, 34, 119
38, 34, 119
38, 33, 120
38, 33, 120
38, 32, 120
38, 32, 120
37, 31, 119
37, 31, 119
37, 31, 119
37, 30, 119
36, 30, 119
36, 29, 119
36, 29, 119
36, 29, 119
35, 28, 118
35, 28, 118
35, 28, 118
34, 27, 118
34, 27, 117
34, 27, 117
34, 26, 117
33, 26, 116
33, 26, 116
33, 26, 116
32, 25, 115
32, 25, 115
32, 25, 115
32, 25, 114
31, 24, 114
31, 24, 113
31, 24, 113
31, 24, 112
30, 24, 112
30, 24, 112
30, 24, 111
30, 24, 111
29, 24, 110
29, 23, 110
29, 23, 109
29, 23, 109
28, 23, 108
28, 23, 108
28, 23, 108
28, 23, 107
28, 23, 107
28, 23, 106
27, 24, 106
27, 24, 105
27, 24, 105
27, 24, 104
27, 24, 104
27, 24, 103
27, 24, 103
27, 24, 103
26, 24, 102
26, 24, 102
26, 25, 101
26, 25, 101
26, 25, 101
26, 25, 100
26, 25, 100
26, 26, 99
26, 26, 99
26, 26, 99
26, 26, 98
26, 26, 98
26, 27, 98
26, 27, 97
26, 27, 97
26, 27, 97
26, 28, 96
26, 28, 96
26, 28, 96
26, 29, 96
26, 29, 95
27, 29, 95
27, 30, 95
27, 30, 95
27, 30, 95
27, 31, 94
27, 31, 94
27, 31, 94
27, 32, 94
28, 32, 94
28, 32, 94
28, 33, 94
28, 33, 94
28, 33, 94
29, 34, 94
29, 34, 94
29, 34, 94
29, 35, 94
29, 35, 94
30, 36, 94
30, 36, 94
30, 36, 94
30, 37, 94
31, 37, 94
31, 38, 94
31, 38, 95
31, 38, 95
32, 39, 95
32, 39, 95
32, 39, 95
32, 40, 96
33, 40, 96
33, 40, 96
33, 41, 97
34, 41, 97
34, 41, 97
34, 42, 98
34, 42, 98
35, 42, 99
35, 43, 99
35, 43, 99
36, 43, 100
36, 43, 100
36, 44, 101
37, 44, 101
37, 44, 102
37, 44, 103
37, 44, 103
38, 44, 104
38, 45, 104
38, 45, 105
38, 45, 106
39, 45, 106
39, 45, 107
39, 45, 107
39, 45, 108
40, 45, 109
40, 45, 109
40, 45, 110
40, 44, 111
40, 44, 111
40, 44, 112
41, 44, 112
41, 44, 113
41, 44, 114
41, 43, 114
41, 43, 115
41, 43, 115
41, 42, 116
41, 42, 116
41, 42, 117
41, 41, 117
41, 41, 118
41, 40, 118
41, 40, 119
41, 40, 119
41, 39, 120
41, 39, 120
41, 38, 120
41, 38, 121
41, 37, 121
41, 37, 121
40, 36, 121
40, 35, 122
40, 35, 122
40, 34, 122
40, 34, 122
39, 33, 122
39, 33, 122
39, 32, 122
39, 32, 122
38, 31, 122
38, 31, 122
38, 30, 122
38, 30, 122
37, 29, 122
37, 29, 121
37, 28, 121
36, 28, 121
36, 27, 121
36, 27, 120
35, 26, 120
35, 26, 120
35, 26, 119
34, 25, 119
34, 25, 119
34, 25, 118
33, 24, 118
33, 24, 117
32, 24, 117
32, 23, 117
32, 23, 116
31, 23, 116
31, 23, 115
31, 22, 115
30, 22, 114
30, 22, 114
30, 22, 113
30, 22, 113
29, 22, 112
29, 22, 112
29, 21, 111
28, 21, 111
28, 21, 110
28, 21, 109
28, 21, 109
27, 21, 108
27, 21, 108
27, 21, 107
27, 21, 107
26, 21, 106
26, 21, 106
26, 21, 105
26, 22, 105
26, 22, 104
26, 22, 104
25, 22, 103
25, 22, 103
25, 22, 102
25, 22, 102
25, 22, 101
25, 23, 101
25, 23, 100
25, 23, 100
25, 23, 99
25, 23, 99
24, 24, 98
24, 24, 98
24, 24, 97
24, 24, 97
24, 25, 97
24, 25, 96
24, 25, 96
24, 25, 95
24, 26, 95
25, 26, 95
25, 26, 94
25, 27, 94
25, 27, 94
25, 27, 93
25, 28, 93
25, 28, 93
25, 28, 92
25, 29, 92
25, 29, 92
26, 29, 92
26, 30, 92
26, 30, 91
26, 31, 91
26, 31, 91
26, 31, 91
27, 32, 91
27, 32, 91
27, 33, 91
27, 33, 91
27, 34, 91
28, 34, 91
28, 34, 91
28, 35, 91
28, 35, 91
29, 36, 91
29, 36, 91
29, 37, 91
30, 37, 91
30, 38, 91
30, 38, 91
30, 38, 92
31, 39, 92
31, 39, 92
31, 40, 92
32, 40, 93
32, 41, 93
32, 41, 93
33, 42, 94
33, 42, 94
33, 42, 94
34, 43, 95
34, 43, 95
35, 44, 96
35, 44, 96
35, 44, 97
36, 45, 97
36, 45, 98
36, 45, 98
37, 46, 99
37, 46, 100
37, 46, 100
38, 46, 101
38, 47, 102
38, 47, 102
39, 47, 103
39, 47, 104
39, 47, 105
40, 47, 105
40, 47, 106
40, 47, 107
40, 47, 108
41, 47, 108
41, 47, 109
41, 47, 110
41, 47, 111
42, 47, 112
42, 47, 112
42, 46, 113
42, 46, 114
42, 46, 115
42, 45, 115
43, 45, 116
43, 45, 117
43, 44, 118
43, 44, 118
43, 43, 119
43, 43, 119
43, 42, 120
43, 42, 121
43, 41, 121
43, 41, 122
43, 40, 122
43, 40, 123
43, 39, 123
42, 38, 123
42, 38, 124
42, 37, 124
42, 36, 124
42, 36, 125
41, 35, 125
41, 34, 125
41, 34, 125
41, 33, 125
40, 32, 125
40, 32, 125
40, 31, 125
39, 30, 125
39, 30, 125
39, 29, 125
38, 28, 125
38, 28, 124
37, 27, 124
37, 27, 124
37, 26, 124
36, 26, 123
36, 25, 123
35, 25, 122
35, 24, 122
35, 24, 122
34, 23, 121
34, 23, 121
33, 22, 120
33, 22, 120
32, 22, 119
32, 21, 119
32, 21, 118
31, 21, 118
31, 20, 117
30, 20, 116
30, 20, 116
30, 20, 115
29, 20, 115
29, 19, 114
28, 19, 113
28, 19, 113
28, 19, 112
27, 19, 111
27, 19, 111
27, 19, 110
26, 19, 110
26, 19, 109
26, 19, 108
26, 19, 108
25, 19, 107
25, 19, 106
25, 19, 106
25, 19, 105
24, 19, 104
24, 19, 104
24, 19, 103
24, 19, 103
24, 19, 102
23, 20, 101
23, 20, 101
23, 20, 100
23, 20, 100
23, 20, 99
23, 20, 98
23, 21, 98
23, 21, 97
23, 21, 97
22, 21, 96
22, 22, 96
22, 22, 95
22, 22, 95
22, 22, 94
22, 23, 94
22, 23, 93
22, 23, 93
22, 24, 92
22, 24, 92
23, 24, 92
23, 25, 91
23, 25, 91
23, 25, 90
23, 26, 90
23, 26, 90
23, 27, 89
23, 27, 89
23, 27, 89
24, 28, 89
24, 28, 88
24, 29, 88
24, 29, 88
24, 30, 88
24, 30, 87
25, 31, 87
25, 31, 87
25, 31, 87
25, 32, 87
26, 32, 87
26, 33, 87
26, 33, 87
26, 34, 87
27, 34, 87
27, 35, 87
27, 36, 87
28, 36, 87
28, 37, 87
28, 37, 87
29, 38, 87
29, 38, 87
29, 39, 88
30, 39, 88
30, 40, 88
31, 40, 88
31, 41, 89
31, 42, 89
32, 42, 89
32, 43, 90
33, 43, 90
33, 44, 91
33, 44, 91
34, 45, 92
34, 45, 92
35, 46, 93
35, 46, 93
35, 47, 94
36, 47, 95
36, 47, 95
37, 48, 96
37, 48, 97
38, 48, 98
38, 49, 98
38, 49, 99
39, 49, 100
39, 50, 101
40, 50, 102
40, 50, 103
40, 50, 104
41, 50, 105
41, 50, 106
42, 50, 107
42, 50, 108
42, 50, 109
43, 50, 110
43, 50, 111
43, 50, 112
43, 50, 113
44, 50, 113
44, 49, 114
44, 49, 115
44, 49, 116
44, 48, 117
45, 48, 118
45, 47, 119
45, 47, 120
45, 46, 121
45, 46, 122
45, 45, 122
45, 44, 123
45, 44, 124
45, 43, 124
45, 42, 125
45, 41, 126
45, 41, 126
44, 40, 127
44, 39, 127
44, 38, 128
44, 37, 128
44, 36, 128
43, 36, 128
43, 35, 129
43, 34, 129
42, 33, 129
42, 32, 129
42, 31, 129
41, 30, 129
41, 30, 129
40, 29, 129
40, 28, 128
39, 27, 128
39, 26, 128
38, 26, 128
38, 25, 127
37, 24, 127
37, 24, 127
36, 23, 126
36, 22, 126
35, 22, 125
35, 21, 125
34, 21, 124
34, 20, 123
33, 20, 123
33, 19, 122
32, 19, 122
32, 18, 121
31, 18, 120
31, 18, 120
30, 17, 119
30, 17, 118
29, 17, 117
29, 17, 117
28, 16, 116
28, 16, 115
27, 16, 115
27, 16, 114
26, 16, 113
26, 16, 112
26, 16, 111
25, 15, 111
25, 15, 110
24, 15, 109
24, 15, 108
24, 15, 108
23, 15, 107
23, 15, 106
23, 16, 105
23, 16, 105
22, 16, 104
22, 16, 103
22, 16, 103
22, 16, 102
21, 16, 101
21, 16, 100
21, 17, 100
21, 17, 99
21, 17, 98
20, 17, 98
20, 17, 97
20, 18, 96
20, 18, 96
20, 18, 95
20, 18, 94
20, 19, 94
20, 19, 93
20, 19, 93
20, 19, 92
20, 20, 91
20, 20, 91
20, 20, 90
20, 21, 90
20, 21, 89
20, 21, 89
20, 22, 88
20, 22, 88
20, 23, 87
20, 23, 87
20, 23, 86
20, 24, 86
21, 24, 86
21, 25, 85
21, 25, 85
21, 25, 85
21, 26, 84
21, 26, 84
22, 27, 84
22, 27, 83
22, 28, 83
22, 28, 83
22, 29, 83
23, 29, 82
23, 30, 82
23, 31, 82
24, 31, 82
24, 32, 82
24, 32, 82
24, 33, 82
25, 33, 82
25, 34, 82
25, 35, 82
26, 35, 82
26, 36, 82
27, 37, 82
27, 37, 82
27, 38, 82
28, 39, 82
28, 39, 82
29, 40, 83
29, 41, 83
30, 41, 83
30, 42, 84
30, 43, 84
31, 43, 84
31, 44, 85
32, 44, 85
32, 45, 86
33, 46, 86
33, 46, 87
34, 47, 88
34, 48, 88
35, 48, 89
35, 49, 90
36, 49, 91
36, 50, 91
37, 50, 92
38, 51, 93
38, 51, 94
39, 52, 95
39, 52, 96
40, 53, 97
40, 53, 98
41, 53, 99
41, 54, 100
42, 54, 102
42, 54, 103
43, 54, 104
43, 54, 105
43, 54, 106
44, 54, 108
44, 54, 109
45, 54, 110
45, 54, 111
45, 54, 113
46, 54, 114
46, 53, 115
46, 53, 116
47, 52, 118
47, 52, 119
47, 51, 120
47, 51, 121
47, 50, 122
47, 49, 123
48, 49, 125
48, 48, 126
48, 47, 126
48, 46, 127
48, 45, 128
47, 44, 129
47, 43, 130
47, 42, 130
47, 41, 131
47, 40, 132
46, 39, 132
46, 38, 133
46, 37, 133
46, 36, 133
45, 35, 134
45, 33, 134
44, 32, 134
44, 31, 134
43, 30, 134
43, 29, 134
42, 28, 134
42, 27, 133
41, 26, 133
41, 25, 133
40, 24, 132
39, 23, 132
39, 22, 132
38, 21, 131
37, 21, 130
37, 20, 130
36, 19, 129
35, 18, 129
35, 18, 128
34, 17, 127
33, 16, 127
33, 16, 126
32, 15, 125
31, 15, 124
31, 14, 123
30, 14, 122
30, 14, 122
29, 13, 121
28, 13, 120
28, 13, 119
27, 12, 118
27, 12, 117
26, 12, 116
25, 12, 115
25, 12, 115
24, 11, 114
24, 11, 113
23, 11, 112
23, 11, 111
22, 11, 110
22, 11, 109
22, 11, 108
21, 11, 107
21, 11, 107
20, 11, 106
20, 11, 105
20, 11, 104
19, 12, 103
19, 12, 102
19, 12, 101
19, 12, 101
18, 12, 100
18, 12, 99
18, 12, 98
18, 13, 97
17, 13, 97
17, 13, 96
17, 13, 95
17, 14, 94
17, 14, 94
17, 14, 93
17, 14, 92
16, 15, 91
16, 15, 91
16, 15, 90
16, 15, 89
16, 16, 89
16, 16, 88
16, 16, 87
16, 17, 87
16, 17, 86
16, 17, 85
16, 18, 85
16, 18, 84
16, 18, 84
17, 19, 83
17, 19, 83
17, 20, 82
17, 20, 81
17, 20, 81
17, 21, 80
17, 21, 80
17, 22, 80
18, 22, 79
18, 23, 79
18, 23, 78
18, 24, 78
18, 24, 77
19, 25, 77
19, 25, 77
19, 26, 76
19, 26, 76
20, 27, 76
20, 28, 76
20, 28, 75
21, 29, 75
21, 30, 75
21, 30, 75
22, 31, 75
22, 31, 75
22, 32, 75
23, 33, 74
23, 34, 74
23, 34, 74
24, 35, 74
24, 36, 75
25, 37, 75
25, 37, 75
26, 38, 75
26, 39, 75
27, 40, 75
27, 40, 76
28, 41, 76
28, 42, 76
29, 43, 77
29, 44, 77
30, 45, 78
30, 45, 78
31, 46, 79
32, 47, 79
32, 48, 80
33, 49, 81
33, 49, 81
34, 50, 82
35, 51, 83
35, 52, 84
36, 53, 85
37, 53, 86
37, 54, 87
38, 55, 88
39, 55, 89
39, 56, 90
40, 57, 92
41, 57, 93
41, 58, 94
42, 58, 96
43, 59, 97
43, 59, 99
44, 59, 100
44, 60, 102
45, 60, 103
46, 60, 105
46, 60, 106
47, 60, 108
47, 60, 110
48, 60, 111
48, 59, 113
49, 59, 115
49, 59, 116
49, 58, 118
50, 58, 120
50, 57, 121
50, 56, 123
51, 56, 124
51, 55, 126
51, 54, 127
51, 53, 129
51, 52, 130
51, 51, 131
51, 49, 133
51, 48, 134
51, 47, 135
51, 46, 136
51, 44, 137
50, 43, 137
50, 41, 138
50, 40, 139
49, 38, 139
49, 37, 140
48, 35, 140
48, 34, 140
47, 32, 140
47, 31, 140
46, 29, 140
45, 28, 140
45, 27, 140
44, 25, 140
43, 24, 139
43, 23, 139
42, 21, 139
41, 20, 138
40, 19, 137
39, 18, 137
38, 17, 136
38, 16, 135
37, 15, 134
36, 14, 134
35, 13, 133
34, 12, 132
33, 12, 131
32, 11, 130
32, 10, 129
31, 10, 128
30, 9, 127
29, 9, 126
28, 8, 125
28, 8, 124
27, 7, 123
26, 7, 122
25, 7, 120
25, 6, 119
24, 6, 118
23, 6, 117
23, 6, 116
22, 6, 115
21, 6, 114
21, 6, 113
20, 6, 112
19, 6, 111
19, 6, 110
18, 6, 109
18, 6, 108
17, 6, 107
17, 6, 106
17, 6, 105
16, 6, 104
16, 6, 103
15, 6, 102
15, 6, 101
15, 6, 100
14, 6, 99
14, 7, 98
14, 7, 97
13, 7, 96
13, 7, 95
13, 7, 94
13, 7, 93
12, 8, 93
12, 8, 92
12, 8, 91
12, 8, 90
12, 9, 89
12, 9, 88
12, 9, 88
11, 9, 87
11, 10, 86
11, 10, 85
11, 10, 84
11, 10, 84
11, 11, 83
11, 11, 82
11, 11, 81
11, 11, 81
11, 12, 80
11, 12, 79
11, 12, 79
11, 13, 78
11, 13, 77
11, 13, 77
11, 14, 76
12, 14, 75
12, 14, 75
12, 15, 74
12, 15, 73
12, 16, 73
12, 16, 72
12, 16, 72
12, 17, 71
13, 17, 71
13, 18, 70
13, 18, 70
13, 19, 69
13, 19, 69
14, 20, 68
14, 20, 68
14, 21, 67
14, 21, 67
15, 22, 67
15, 22, 66
15, 23, 66
16, 24, 66
16, 24, 65
16, 25, 65
17, 26, 65
17, 26, 65
17, 27, 64
18, 28, 64
18, 28, 64
18, 29, 64
19, 30, 64
19, 31, 64
20, 32, 63
20, 32, 63
21, 33, 63
21, 34, 63
22, 35, 64
22, 36, 64
23, 37, 64
23, 38, 64
24, 39, 64
24, 40, 64
25, 41, 65
26, 42, 65
26, 43, 65
27, 44, 66
28, 45, 66
28, 46, 67
29, 47, 68
30, 48, 68
30, 49, 69
31, 50, 70
32, 51, 70
33, 52, 71
33, 53, 72
34, 54, 73
35, 56, 74
36, 57, 76
37, 58, 77
37, 59, 78
38, 60, 79
39, 61, 81
40, 62, 82
41, 62, 84
42, 63, 86
42, 64, 87
43, 65, 89
44, 66, 91
45, 66, 93
46, 67, 95
47, 67, 97
47, 68, 99
48, 68, 101
49, 68, 103
50, 68, 106
50, 68, 108
51, 68, 110
52, 68, 113
52, 68, 115
53, 67, 117
54, 67, 120
54, 66, 122
55, 65, 124
55, 64, 126
55, 63, 129
56, 62, 131
56, 61, 133
56, 59, 135
56, 58, 137
56, 56, 138
56, 55, 140
56, 53, 142
56, 51, 143
56, 49, 145
56, 47, 146
55, 45, 147
55, 43, 148
54, 41, 149
54, 38, 149
53, 36, 150
53, 34, 150
52, 32, 150
51, 30, 150
50, 28, 150
49, 26, 150
48, 24, 150
47, 22, 149
46, 20, 149
45, 18, 148
44, 16, 148
43, 15, 147
42, 13, 146
41, 12, 145
40, 10, 144
39, 9, 143
38, 8, 142
36, 7, 141
35, 6, 139
34, 5, 138
33, 4, 137
32, 3, 136
31, 2, 134
30, 1, 133
28, 1, 132
27, 0, 130
26, 0, 129
25, -1, 128
24, -1, 126
23, -2, 125
22, -2, 124
21, -2, 122
20, -2, 121
20, -3, 120
19, -3, 118
18, -3, 117
17, -3, 116
16, -3, 115
15, -3, 113
15, -3, 112
14, -3, 111
13, -3, 110
13, -3, 108
12, -3, 107
12, -3, 106
11, -3, 105
10, -3, 104
10, -3, 103
9, -3, 102
9, -2, 101
9, -2, 100
8, -2, 98
8, -2, 97
7, -2, 96
7, -2, 95
7, -2, 94
6, -2, 93
6, -1, 92
6, -1, 91
5, -1, 90
5, -1, 89
5, -1, 89
5, -1, 88
4, -1, 87
4, -1, 86
4, -1, 85
4, 0, 84
4, 0, 83
4, 0, 82
3, 0, 81
3, 0, 81
3, 0, 80
3, 0, 79
3, 0, 78
3, 1, 77
3, 1, 76
3, 1, 76
3, 1, 75
3, 1, 74
2, 1, 73
2, 1, 73
2, 1, 72
2, 1, 71
2, 1, 70
2, 2, 70
2, 2, 69
2, 2, 68
2, 2, 67
2, 2, 67
2, 2, 66
2, 2, 65
2, 2, 65
2, 2, 64
2, 3, 63
2, 3, 63
2, 3, 62
2, 3, 61
2, 3, 61
2, 3, 60
2, 3, 59
2, 3, 59
2, 3, 58
2, 4, 58
2, 4, 57
3, 4, 56
3, 4, 56
3, 4, 55
3, 4, 55
3, 5, 54
3, 5, 54
3, 5, 53
3, 5, 53
3, 5, 52
3, 5, 51
3, 6, 51
3, 6, 50
3, 6, 50
4, 6, 49
4, 6, 49
4, 7, 48
4, 7, 48
4, 7, 47
4, 7, 47
4, 8, 47
4, 8, 46
4, 8, 46
5, 8, 45
5, 9, 45
5, 9, 44
5, 9, 44
5, 10, 44
5, 10, 43
6, 10, 43
6, 11, 42
6, 11, 42
6, 12, 42
6, 12, 41
7, 12, 41
7, 13, 41
7, 13, 40
7, 14, 40
8, 14, 40
8, 15, 39
8, 15, 39
8, 16, 39
9, 16, 38
9, 17, 38
9, 18, 38
10, 18, 38
10, 19, 38
10, 20, 37
11, 20, 37
11, 21, 37
11, 22, 37
12, 22, 37
12, 23, 37
13, 24, 36
13, 25, 36
14, 26, 36
14, 27, 36
15, 28, 36
15, 29, 36
16, 30, 36
16, 31, 37
17, 32, 37
17, 33, 37
18, 34, 37
19, 35, 37
19, 37, 38
20, 38, 38
21, 39, 38
21, 41, 39
22, 42, 39
23, 43, 40
24, 45, 40
25, 46, 41
25, 48, 42
26, 50, 42
27, 51, 43
28, 53, 44
29, 55, 45
30, 56, 46
31, 58, 48
32, 60, 49
33, 61, 50
34, 63, 52
35, 65, 53
37, 67, 55
38, 69, 57
39, 70, 59
40, 72, 61
41, 74, 63
43, 76, 66
44, 77, 68
45, 79, 71
47, 80, 74
48, 82, 77
49, 83, 80
51, 84, 83
52, 85, 86
53, 86, 90
54, 87, 93
56, 88, 97
57, 88, 101
58, 88, 105
59, 88, 109
61, 88, 113
62, 88, 117
63, 87, 121
64, 86, 125
64, 85, 129
65, 84, 133
66, 82, 137
67, 80, 141
67, 78, 145
68, 75, 149
68, 72, 152
68, 69, 155
68, 66, 159
68, 63, 161
68, 59, 164
67, 55, 166
67, 51, 168
66, 48, 170
66, 44, 171
65, 40, 172
64, 36, 173
63, 32, 173
61, 28, 174
60, 24, 173
59, 20, 173
57, 16, 172
56, 13, 172
54, 9, 170
52, 6, 169
50, 3, 168
49, 1, 166
47, -2, 165
45, -5, 163
43, -7, 161
41, -9, 159
39, -11, 157
37, -12, 155
35, -14, 153
33, -15, 151
31, -17, 149
29, -18, 147
28, -19, 145
26, -20, 143
24, -20, 141
22, -21, 139
21, -21, 137
19, -22, 135
17, -22, 133
16, -22, 131
14, -23, 130
13, -23, 128
11, -23, 126
10, -23, 125
9, -23, 123
8, -23, 122
6, -23, 120
5, -23, 119
4, -23, 117
3, -23, 116
2, -23, 115
1, -23, 114
0, -23, 112
-1, -23, 111
-2, -23, 110
-2, -23, 109
-3, -22, 108
-4, -22, 107
-5, -22, 106
-5, -22, 105
-6, -22, 104
-7, -22, 103
-7, -22, 102
-8, -22, 101
-8, -22, 100
-9, -22, 99
-9, -22, 98
-10, -22, 97
-10, -22, 97
-11, -22, 96
-11, -22, 95
-12, -22, 94
-12, -22, 93
-13, -23, 93
-13, -23, 92
-13, -23, 91
-14, -23, 91
-14, -23, 90
-14, -23, 89
-15, -24, 89
-15, -24, 88
-15, -24, 88
-16, -24, 87
-16, -25, 86
-16, -25, 86
-17, -25, 85
-17, -26, 85
-17, -26, 84
-18, -26, 84
-18, -27, 83
-18, -27, 83
-19, -27, 83
-19, -28, 82
-19, -28, 82
-20, -29, 82
-20, -29, 81
-21, -30, 81
-21, -30, 81
-21, -31, 80
-22, -31, 80
-22, -32, 80
-22, -32, 80
-23, -33, 80
-23, -33, 79
-24, -34, 79
-24, -34, 79
-24, -35, 79
-25, -36, 79
-25, -36, 79
-26, -37, 79
-26, -38, 79
-27, -38, 79
-27, -39, 80
-27, -40, 80
-28, -40, 80
-28, -41, 80
-29, -42, 80
-29, -42, 81
-30, -43, 81
-30, -44, 81
-31, -45, 82
-31, -45, 82
-32, -46, 83
-33, -47, 83
-33, -47, 84
-34, -48, 84
-34, -49, 85
-35, -49, 86
-35, -50, 87
-36, -51, 87
-37, -51, 88
-37, -52, 89
-38, -53, 90
-38, -53, 91
-39, -54, 92
-39, -54, 93
-40, -55, 94
-41, -55, 95
-41, -56, 96
-42, -56, 97
-42, -56, 99
-43, -57, 100
-43, -57, 101
-44, -57, 102
-44, -57, 104
-45, -57, 105
-45, -58, 106
-46, -58, 108
-46, -57, 109
-47, -57, 111
-47, -57, 112
-48, -57, 113
-48, -57, 115
-48, -56, 116
-49, -56, 118
-49, -55, 119
-49, -55, 120
-49, -54, 122
-50, -53, 123
-50, -53, 124
-50, -52, 125
-50, -51, 127
-50, -50, 128
-50, -49, 129
-50, -48, 130
-50, -47, 131
-50, -46, 132
-50, -45, 132
-49, -44, 133
-49, -42, 134
-49, -41, 134
-49, -40, 135
-48, -39, 135
-48, -37, 136
-47, -36, 136
-47, -35, 136
-47, -34, 136
-46, -32, 136
-45, -31, 136
-45, -30, 136
-44, -29, 136
-44, -28, 136
-43, -26, 136
-42, -25, 135
-42, -24, 135
-41, -23, 134
-40, -22, 134
-40, -21, 133
-39, -20, 133
-38, -19, 132
-37, -19, 131
-37, -18, 131
-36, -17, 130
-35, -16, 129
-35, -16, 128
-34, -15, 128
-33, -15, 127
-32, -14, 126
-32, -13, 125
-31, -13, 124
-30, -13, 123
-30, -12, 122
-29, -12, 121
-28, -12, 120
-28, -11, 119
-27, -11, 118
-26, -11, 117
-26, -11, 116
-25, -10, 115
-25, -10, 114
-24, -10, 113
-23, -10, 113
-23, -10, 112
-22, -10, 111
-22, -10, 110
-21, -10, 109
-21, -10, 108
-21, -10, 107
-20, -10, 106
-20, -10, 105
-19, -10, 104
-19, -10, 103
-19, -11, 102
-18, -11, 101
-18, -11, 100
-18, -11, 100
-18, -11, 99
-17, -11, 98
-17, -11, 97
-17, -12, 96
-17, -12, 95
-16, -12, 95
-16, -12, 94
-16, -13, 93
-16, -13, 92
-16, -13, 91
-16, -13, 91
-16, -13, 90
-16, -14, 89
-15, -14, 88
-15, -14, 88
-15, -15, 87
-15, -15, 86
-15, -15, 85
-15, -16, 85
-15, -16, 84
-15, -16, 83
-15, -17, 83
-15, -17, 82
-16, -17, 82
-16, -18, 81
-16, -18, 80
-16, -18, 80
-16, -19, 79
-16, -19, 79
-16, -20, 78
-16, -20, 78
-16, -21, 77
-17, -21, 77
-17, -21, 76
-17, -22, 76
-17, -22, 75
-17, -23, 75
-18, -23, 74
-18, -24, 74
-18, -25, 74
-18, -25, 73
-19, -26, 73
-19, -26, 73
-19, -27, 72
-19, -27, 72
-20, -28, 72
-20, -29, 71
-20, -29, 71
-21, -30, 71
-21, -31, 71
-21, -31, 71
-22, -32, 71
-22, -33, 71
-23, -34, 71
-23, -34, 71
-24, -35, 71
-24, -36, 71
-24, -37, 71
-25, -38, 71
-25, -38, 71
-26, -39, 71
-26, -40, 71
-27, -41, 72
-28, -42, 72
-28, -43, 72
-29, -44, 73
-29, -44, 73
-30, -45, 73
-30, -46, 74
-31, -47, 75
-32, -48, 75
-32, -49, 76
-33, -50, 77
-34, -51, 77
-34, -52, 78
-35, -53, 79
-36, -54, 80
-36, -54, 81
-37, -55, 82
-38, -56, 83
-39, -57, 84
-39, -58, 85
-40, -59, 87
-41, -59, 88
-41, -60, 89
-42, -61, 91
-43, -61, 92
-44, -62, 94
-44, -62, 95
-45, -63, 97
-46, -63, 99
-46, -63, 101
-47, -64, 102
-48, -64, 104
-48, -64, 106
-49, -64, 108
-50, -64, 110
-50, -64, 112
-51, -63, 113
-51, -63, 115
-52, -63, 117
-52, -62, 119
-52, -62, 121
-53, -61, 123
-53, -60, 125
-53, -59, 126
-54, -58, 128
-54, -57, 130
-54, -56, 131
-54, -55, 133
-54, -53, 134
-54, -52, 136
-54, -50, 137
-54, -49, 138
-54, -47, 139
-53, -46, 140
-53, -44, 141
-53, -42, 142
-52, -41, 142
-52, -39, 143
-51, -37, 143
-51, -36, 144
-50, -34, 144
-50, -32, 144
-49, -30, 144
-48, -29, 144
-47, -27, 144
-47, -26, 143
-46, -24, 143
-45, -23, 143
-44, -21, 142
-43, -20, 141
-42, -18, 141
-41, -17, 140
-40, -16, 139
-39, -15, 138
-38, -14, 138
-37, -13, 137
-37, -12, 136
-36, -11, 135
-35, -10, 133
-34, -9, 132
-33, -9, 131
-32, -8, 130
-31, -7, 129
-30, -7, 128
-29, -6, 127
-28, -6, 126
-27, -5, 124
-26, -5, 123
-26, -5, 122
-25, -4, 121
-24, -4, 120
-23, -4, 119
-22, -4, 117
-22, -4, 116
-21, -4, 115
-20, -4, 114
-20, -3, 113
-19, -3, 112
-18, -3, 111
-18, -3, 109
-17, -3, 108
-17, -3, 107
-16, -4, 106
-16, -4, 105
-15, -4, 104
-15, -4, 103
-14, -4, 102
-14, -4, 101
-14, -4, 100
-13, -4, 99
-13, -4, 98
-13, -5, 97
-12, -5, 96
-12, -5, 95
-12, -5, 94
-11, -5, 93
-11, -5, 92
-11, -6, 91
-11, -6, 90
-11, -6, 90
-10, -6, 89
-10, -6, 88
-10, -7, 87
-10, -7, 86
-10, -7, 85
-10, -7, 84
-10, -7, 84
-9, -8, 83
-9, -8, 82
-9, -8, 81
-9, -8, 80
-9, -8, 80
-9, -9, 79
-9, -9, 78
-9, -9, 77
-9, -9, 77
-9, -10, 76
-9, -10, 75
-9, -10, 74
-9, -11, 74
-9, -11, 73
-9, -11, 72
-9, -11, 72
-10, -12, 71
-10, -12, 70
-10, -12, 70
-10, -13, 69
-10, -13, 69
-10, -13, 68
-10, -14, 67
-10, -14, 67
-10, -14, 66
-11, -15, 66
-11, -15, 65
-11, -16, 65
-11, -16, 64
-11, -17, 64
-12, -17, 63
-12, -17, 63
-12, -18, 62
-12, -18, 62
-12, -19, 61
-13, -19, 61
-13, -20, 60
-13, -20, 60
-14, -21, 60
-14, -22, 59
-14, -22, 59
-14, -23, 59
-15, -23, 58
-15, -24, 58
-15, -25, 58
-16, -26, 57
-16, -26, 57
-17, -27, 57
-17, -28, 57
-17, -28, 57
-18, -29, 56
-18, -30, 56
-19, -31, 56
-19, -32, 56
-20, -33, 56
-20, -34, 56
-21, -35, 56
-21, -36, 56
-22, -36, 56
-22, -37, 57
-23, -39, 57
-24, -40, 57
-24, -41, 57
-25, -42, 58
-26, -43, 58
-26, -44, 58
-27, -45, 59
-28, -46, 60
-28, -48, 60
-29, -49, 61
-30, -50, 61
-31, -51, 62
-31, -52, 63
-32, -54, 64
-33, -55, 65
-34, -56, 66
-35, -58, 67
-36, -59, 68
-37, -60, 70
-38, -61, 71
-38, -63, 72
-39, -64, 74
-40, -65, 76
-41, -66, 77
-42, -67, 79
-43, -68, 81
-44, -69, 83
-45, -70, 85
-46, -71, 87
-47, -72, 90
-48, -73, 92
-49, -73, 94
-50, -74, 97
-51, -74, 99
-52, -75, 102
-53, -75, 104
-54, -75, 107
-54, -75, 110
-55, -75, 113
-56, -74, 115
-57, -74, 118
-57, -73, 121
-58, -72, 124
-59, -71, 126
-59, -70, 129
-59, -69, 132
-60, -67, 134
-60, -66, 137
-60, -64, 139
-60, -62, 141
-61, -60, 144
-61, -58, 146
-60, -56, 147
-60, -54, 149
-60, -51, 151
-60, -49, 152
-59, -46, 153
-59, -44, 154
-58, -41, 155
-57, -38, 156
-57, -36, 156
-56, -33, 157
-55, -31, 157
-54, -28, 157
-53, -26, 156
-52, -23, 156
-51, -21, 156
-50, -19, 155
-48, -16, 154
-47, -14, 153
-46, -12, 152
-45, -11, 151
-43, -9, 150
-42, -7, 149
-41, -6, 148
-39, -4, 146
-38, -3, 145
-36, -2, 144
-35, 0, 142
-34, 1, 141
-32, 1, 139
-31, 2, 138
-30, 3, 136
-29, 4, 135
-27, 4, 133
-26, 5, 131
-25, 5, 130
-24, 6, 128
-22, 6, 127
-21, 6, 125
-20, 7, 124
-19, 7, 123
-18, 7, 121
-17, 7, 120
-16, 7, 118
-15, 7, 117
-14, 8, 116
-14, 8, 114
-13, 8, 113
-12, 8, 112
-11, 8, 111
-10, 7, 109
-10, 7, 108
-9, 7, 107
-8, 7, 106
-8, 7, 105
-7, 7, 103
-7, 7, 102
-6, 7, 101
-6, 7, 100
-5, 7, 99
-5, 7, 98
-4, 7, 97
-4, 7, 96
-3, 6, 95
-3, 6, 94
-3, 6, 93
-2, 6, 92
-2, 6, 91
-2, 6, 90
-1, 6, 89
-1, 6, 88
-1, 6, 87
-1, 6, 86
0, 6, 85
0, 6, 84
0, 6, 83
0, 6, 83
1, 6, 82
1, 6, 81
1, 6, 80
1, 6, 79
1, 6, 78
2, 6, 78
2, 6, 77
2, 6, 76
2, 6, 75
2, 6, 74
2, 6, 74
3, 6, 73
3, 6, 72
3, 7, 71
3, 7, 71
3, 7, 70
3, 7, 69
3, 7, 69
4, 7, 68
4, 7, 67
4, 7, 67
4, 8, 66
4, 8, 65
4, 8, 65
4, 8, 64
5, 8, 63
5, 9, 63
5, 9, 62
5, 9, 61
5, 9, 61
5, 9, 60
5, 10, 60
6, 10, 59
6, 10, 59
6, 11, 58
6, 11, 57
6, 11, 57
7, 11, 56
7, 12, 56
7, 12, 55
7, 12, 55
7, 13, 54
8, 13, 54
8, 14, 54
8, 14, 53
8, 14, 53
8, 15, 52
9, 15, 52
9, 16, 51
9, 16, 51
10, 17, 51
10, 17, 50
10, 18, 50
10, 19, 50
11, 19, 49
11, 20, 49
11, 20, 49
12, 21, 48
12, 22, 48
12, 22, 48
13, 23, 48
13, 24, 48
14, 25, 47
14, 25, 47
15, 26, 47
15, 27, 47
15, 28, 47
16, 29, 47
16, 30, 47
17, 31, 47
18, 32, 47
18, 33, 47
19, 34, 47
19, 35, 47
20, 36, 47
20, 37, 48
21, 38, 48
22, 39, 48
22, 41, 49
23, 42, 49
24, 43, 49
25, 44, 50
25, 46, 51
26, 47, 51
27, 49, 52
28, 50, 53
29, 51, 53
30, 53, 54
31, 54, 55
31, 56, 56
32, 57, 58
33, 59, 59
34, 60, 60
35, 62, 62
36, 63, 63
37, 65, 65
39, 66, 67
40, 68, 68
41, 69, 70
42, 71, 72
43, 72, 75
44, 73, 77
45, 74, 79
46, 76, 82
47, 77, 84
49, 78, 87
50, 78, 90
51, 79, 93
52, 80, 96
53, 80, 99
54, 81, 102
55, 81, 105
56, 81, 109
57, 81, 112
58, 80, 116
59, 80, 119
60, 79, 122
60, 78, 126
61, 77, 129
62, 75, 132
62, 74, 136
63, 72, 139
63, 70, 142
63, 68, 145
64, 66, 148
64, 63, 150
64, 60, 153
64, 58, 155
63, 55, 157
63, 52, 159
63, 49, 160
62, 45, 162
61, 42, 163
61, 39, 164
60, 36, 164
59, 32, 165
58, 29, 165
57, 26, 165
55, 23, 164
54, 20, 164
53, 17, 163
51, 14, 163
50, 12, 162
49, 9, 161
47, 7, 159
45, 5, 158
44, 2, 157
42, 0, 155
41, -1, 154
39, -3, 152
37, -5, 150
36, -6, 149
34, -7, 147
32, -8, 145
31, -9, 143
29, -10, 141
28, -11, 140
26, -12, 138
25, -13, 136
23, -13, 134
22, -14, 133
20, -14, 131
19, -14, 129
18, -15, 128
16, -15, 126
15, -15, 125
14, -15, 123
13, -15, 122
12, -15, 120
11, -16, 119
10, -16, 117
9, -16, 116
8, -16, 115
7, -15, 113
6, -15, 112
5, -15, 111
4, -15, 109
4, -15, 108
3, -15, 107
2, -15, 106
1, -15, 105
1, -15, 104
0, -15, 103
0, -15, 101
-1, -15, 100
-1, -15, 99
-2, -15, 98
-2, -15, 97
-3, -15, 96
-3, -15, 95
-4, -15, 94
-4, -15, 93
-5, -15, 93
-5, -15, 92
-5, -15, 91
-6, -15, 90
-6, -15, 89
-6, -15, 88
-7, -15, 87
-7, -15, 86
-7, -15, 86
-8, -15, 85
-8, -15, 84
-8, -16, 83
-9, -16, 83
-9, -16, 82
-9, -16, 81
-9, -16, 80
-10, -16, 80
-10, -17, 79
-10, -17, 78
-10, -17, 78
-11, -17, 77
-11, -18, 76
-11, -18, 76
-12, -18, 75
-12, -19, 74
-12, -19, 74
-12, -19, 73
-13, -20, 73
-13, -20, 72
-13, -20, 72
-13, -21, 71
-14, -21, 71
-14, -22, 70
-14, -22, 70
-15, -23, 69
-15, -23, 69
-15, -24, 69
-16, -24, 68
-16, -25, 68
-16, -25, 67
-17, -26, 67
-17, -27, 67
-17, -27, 67
-18, -28, 66
-18, -28, 66
-19, -29, 66
-19, -30, 66
-19, -30, 65
-20, -31, 65
-20, -32, 65
-21, -33, 65
-21, -34, 65
-22, -34, 65
-22, -35, 65
-23, -36, 65
-23, -37, 65
-24, -38, 65
-24, -39, 66
-25, -40, 66
-25, -41, 66
-26, -41, 66
-27, -42, 67
-27, -43, 67
-28, -44, 67
-29, -45, 68
-29, -46, 68
-30, -47, 69
-31, -49, 70
-31, -50, 70
-32, -51, 71
-33, -52, 72
-33, -53, 73
-34, -54, 73
-35, -55, 74
-36, -56, 76
-37, -57, 77
-37, -58, 78
-38, -59, 79
-39, -60, 80
-40, -61, 82
-41, -62, 83
-41, -63, 85
-42, -63, 86
-43, -64, 88
-44, -65, 90
-45, -66, 91
-45, -66, 93
-46, -67, 95
-47, -67, 97
-48, -68, 99
-49, -68, 101
-49, -68, 103
-50, -68, 106
-51, -68, 108
-52, -68, 110
-52, -68, 112
-53, -68, 114
-53, -67, 117
-54, -67, 119
-54, -66, 121
-55, -65, 123
-55, -64, 125
-56, -63, 127
-56, -62, 130
-56, -61, 132
-56, -60, 133
-57, -58, 135
-57, -57, 137
-57, -55, 139
-57, -54, 140
-56, -52, 142
-56, -50, 143
-56, -48, 144
-56, -46, 145
-55, -44, 146
-55, -42, 147
-54, -40, 148
-54, -38, 148
-53, -36, 149
-53, -34, 149
-52, -32, 149
-51, -30, 149
-50, -28, 149
-49, -26, 149
-48, -24, 148
-47, -22, 148
-46, -20, 147
-45, -19, 147
-44, -17, 146
-43, -16, 145
-42, -14, 144
-41, -13, 143
-40, -11, 142
-39, -10, 141
-38, -9, 140
-37, -8, 139
-36, -7, 138
-34, -6, 137
-33, -5, 135
-32, -4, 134
-31, -4, 133
-30, -3, 131
-29, -3, 130
-28, -2, 129
-27, -2, 128
-26, -1, 126
-25, -1, 125
-24, 0, 124
-23, 0, 122
-22, 0, 121
-21, 0, 120
-21, 0, 119
-20, 1, 117
-19, 1, 116
-18, 1, 115
-17, 1, 114
-17, 1, 112
-16, 1, 111
-15, 1, 110
-15, 1, 109
-14, 1, 108
-14, 1, 106
-13, 1, 105
-12, 1, 104
-12, 1, 103
-11, 0, 102
-11, 0, 101
-11, 0, 100
-10, 0, 99
-10, 0, 98
-9, 0, 97
-9, 0, 96
-9, 0, 95
-8, -1, 94
-8, -1, 93
-8, -1, 92
-7, -1, 91
-7, -1, 90
-7, -1, 89
-7, -1, 88
-7, -2, 87
-6, -2, 86
-6, -2, 85
-6, -2, 84
-6, -2, 84
-6, -2, 83
-6, -2, 82
-5, -2, 81
-5, -3, 80
-5, -3, 79
-5, -3, 78
-5, -3, 78
-5, -3, 77
-5, -3, 76
-5, -3, 75
-5, -4, 75
-5, -4, 74
-5, -4, 73
-5, -4, 72
-5, -4, 71
-5, -4, 71
-5, -4, 70
-5, -5, 69
-5, -5, 69
-5, -5, 68
-5, -5, 67
-5, -5, 67
-5, -5, 66
-5, -6, 65
-5, -6, 65
-5, -6, 64
-5, -6, 63
-5, -6, 63
-5, -6, 62
-5, -7, 61
-5, -7, 61
-5, -7, 60
-5, -7, 59
-5, -7, 59
-5, -8, 58
-5, -8, 58
-6, -8, 57
-6, -8, 57
-6, -9, 56
-6, -9, 55
-6, -9, 55
-6, -9, 54
-6, -10, 54
-6, -10, 53
-6, -10, 53
-7, -11, 52
-7, -11, 52
-7, -11, 51
-7, -12, 51
-7, -12, 50
-7, -12, 50
-8, -13, 50
-8, -13, 49
-8, -13, 49
-8, -14, 48
-8, -14, 48
-9, -15, 47
-9, -15, 47
-9, -16, 47
-9, -16, 46
-10, -17, 46
-10, -17, 46
-10, -18, 45
-11, -18, 45
-11, -19, 45
-11, -19, 44
-11, -20, 44
-12, -21, 44
-12, -21, 44
-13, -22, 43
-13, -23, 43
-13, -23, 43
-14, -24, 43
-14, -25, 43
-15, -26, 43
-15, -27, 43
-15, -28, 42
-16, -28, 42
-16, -29, 42
-17, -30, 42
-17, -31, 42
-18, -32, 42
-19, -33, 43
-19, -35, 43
-20, -36, 43
-20, -37, 43
-21, -38, 43
-22, -39, 44
-22, -40, 44
-23, -42, 44
-24, -43, 45
-25, -44, 45
-25, -46, 46
-26, -47, 46
-27, -49, 47
-28, -50, 48
-29, -52, 49
-30, -53, 50
-30, -55, 51
-31, -56, 52
-32, -58, 53
-33, -59, 54
-34, -61, 55
-35, -63, 57
-36, -64, 58
-38, -66, 60
-39, -68, 62
-40, -69, 63
-41, -71, 65
-42, -72, 67
-43, -74, 70
-44, -75, 72
-46, -77, 74
-47, -78, 77
-48, -79, 80
-49, -80, 83
-51, -81, 86
-52, -82, 89
-53, -83, 92
-54, -84, 95
-55, -84, 98
-56, -85, 102
-58, -85, 105
-59, -85, 109
-60, -85, 113
-61, -84, 116
-62, -84, 120
-62, -83, 124
-63, -82, 128
-64, -81, 131
-65, -79, 135
-65, -77, 138
-66, -75, 142
-66, -73, 145
-66, -71, 148
-66, -68, 151
-67, -65, 154
-67, -62, 156
-66, -59, 159
-66, -56, 161
-66, -53, 163
-65, -49, 164
-65, -46, 166
-64, -42, 167
-63, -38, 168
-62, -35, 168
-61, -31, 168
-60, -28, 169
-58, -24, 168
-57, -21, 168
-56, -18, 167
-54, -15, 166
-53, -12, 166
-51, -9, 164
-49, -6, 163
-48, -4, 162
-46, -2, 160
-44, 1, 158
-43, 3, 157
-41, 4, 155
-39, 6, 153
-37, 8, 151
-36, 9, 149
-34, 10, 148
-32, 11, 146
-30, 12, 144
-29, 13, 142
-27, 14, 140
-25, 15, 138
-24, 15, 136
-22, 16, 135
-21, 16, 133
-19, 17, 131
-18, 17, 129
-17, 17, 128
-15, 17, 126
-14, 18, 125
-13, 18, 123
-12, 18, 122
-10, 18, 120
-9, 18, 119
-8, 18, 117
-7, 18, 116
-6, 18, 115
-5, 18, 113
-4, 18, 112
-4, 18, 111
-3, 17, 110
-2, 17, 108
-1, 17, 107
0, 17, 106
0, 17, 105
1, 17, 104
2, 17, 103
2, 17, 102
3, 17, 101
3, 17, 100
4, 17, 99
4, 17, 98
5, 17, 97
5, 17, 96
6, 17, 95
6, 17, 94
7, 17, 93
7, 17, 92
7, 17, 92
8, 17, 91
8, 17, 90
8, 17, 89
9, 18, 88
9, 18, 88
10, 18, 87
10, 18, 86
10, 18, 85
10, 18, 85
11, 19, 84
11, 19, 83
11, 19, 83
12, 19, 82
12, 20, 81
12, 20, 81
13, 20, 80
13, 21, 80
13, 21, 79
13, 21, 79
14, 22, 78
14, 22, 77
14, 22, 77
15, 23, 77
15, 23, 76
15, 24, 76
16, 24, 75
16, 25, 75
16, 25, 74
17, 26, 74
17, 26, 74
17, 27, 73
18, 27, 73
18, 28, 73
18, 28, 73
19, 29, 72
19, 30, 72
20, 30, 72
20, 31, 72
20, 32, 72
21, 32, 72
21, 33, 72
22, 34, 72
22, 34, 71
23, 35, 72
23, 36, 72
24, 37, 72
24, 38, 72
25, 38, 72
25, 39, 72
26, 40, 72
26, 41, 73
27, 42, 73
28, 43, 73
28, 43, 74
29, 44, 74
29, 45, 75
30, 46, 75
31, 47, 76
31, 48, 77
32, 49, 77
33, 50, 78
33, 51, 79
34, 51, 80
35, 52, 81
35, 53, 81
36, 54, 83
37, 55, 84
37, 56, 85
38, 56, 86
39, 57, 87
39, 58, 88
40, 58, 90
41, 59, 91
42, 60, 93
42, 60, 94
43, 61, 96
44, 61, 97
44, 62, 99
45, 62, 101
46, 62, 102
46, 62, 104
47, 62, 106
48, 62, 108
48, 62, 110
49, 62, 111
49, 62, 113
50, 62, 115
50, 61, 117
51, 61, 119
51, 60, 121
51, 59, 122
52, 59, 124
52, 58, 126
52, 57, 127
52, 56, 129
52, 55, 131
53, 53, 132
53, 52, 134
53, 51, 135
53, 49, 136
52, 48, 137
52, 46, 138
52, 45, 139
52, 43, 140
51, 42, 141
51, 40, 142
51, 38, 142
50, 37, 143
50, 35, 143
49, 33, 143
48, 32, 143
48, 30, 143
47, 28, 143
46, 27, 143
45, 25, 143
45, 24, 142
44, 22, 142
43, 21, 142
42, 19, 141
41, 18, 140
40, 17, 140
39, 16, 139
39, 15, 138
38, 13, 137
37, 12, 136
36, 11, 135
35, 11, 134
34, 10, 133
33, 9, 132
32, 8, 131
31, 8, 130
30, 7, 129
29, 6, 128
28, 6, 127
27, 6, 126
27, 5, 124
26, 5, 123
25, 4, 122
24, 4, 121
23, 4, 120
23, 4, 119
22, 4, 117
21, 3, 116
20, 3, 115
20, 3, 114
19, 3, 113
18, 3, 112
18, 3, 111
17, 3, 110
17, 3, 109
16, 3, 107
16, 3, 106
15, 3, 105
15, 3, 104
14, 3, 103
14, 3, 102
13, 4, 101
13, 4, 100
13, 4, 99
12, 4, 98
12, 4, 97
12, 4, 96
11, 4, 95
11, 5, 94
11, 5, 94
11, 5, 93
10, 5, 92
10, 5, 91
10, 6, 90
10, 6, 89
10, 6, 88
10, 6, 87
9, 6, 86
9, 7, 86
9, 7, 85
9, 7, 84
9, 7, 83
9, 8, 82
9, 8, 82
9, 8, 81
9, 8, 80
9, 8, 79
9, 9, 79
9, 9, 78
9, 9, 77
9, 10, 76
9, 10, 76
9, 10, 75
9, 10, 74
9, 11, 74
9, 11, 73
9, 11, 72
9, 12, 72
9, 12, 71
9, 12, 70
10, 13, 70
10, 13, 69
10, 13, 69
10, 14, 68
10, 14, 67
10, 15, 67
10, 15, 66
11, 15, 66
11, 16, 65
11, 16, 65
11, 17, 64
11, 17, 64
12, 18, 63
12, 18, 63
12, 19, 62
12, 19, 62
13, 20, 62
13, 20, 61
13, 21, 61
14, 22, 60
14, 22, 60
14, 23, 60
14, 23, 60
15, 24, 59
15, 25, 59
16, 25, 59
16, 26, 59
16, 27, 58
17, 28, 58
17, 29, 58
18, 29, 58
18, 30, 58
19, 31, 58
19, 32, 58
20, 33, 58
20, 34, 58
21, 35, 58
21, 36, 58
22, 37, 58
22, 38, 58
23, 39, 59
24, 40, 59
24, 41, 59
25, 42, 60
25, 43, 60
26, 44, 61
27, 45, 61
28, 46, 62
28, 48, 62
29, 49, 63
30, 50, 64
31, 51, 65
31, 52, 65
32, 54, 66
33, 55, 67
34, 56, 69
35, 57, 70
36, 59, 71
37, 60, 72
38, 61, 74
38, 62, 75
39, 63, 77
40, 64, 79
41, 65, 80
42, 66, 82
43, 67, 84
44, 68, 86
45, 69, 88
46, 70, 90
47, 71, 93
48, 71, 95
49, 72, 97
50, 72, 100
51, 72, 102
51, 73, 105
52, 73, 107
53, 73, 110
54, 72, 113
54, 72, 115
55, 71, 118
56, 71, 121
56, 70, 123
57, 69, 126
57, 68, 129
58, 67, 131
58, 65, 134
58, 64, 136
59, 62, 138
59, 60, 140
59, 58, 143
59, 56, 144
59, 54, 146
59, 52, 148
58, 50, 149
58, 47, 151
58, 45, 152
57, 43, 153
57, 40, 154
56, 38, 154
55, 35, 155
54, 33, 155
54, 30, 155
53, 28, 155
52, 25, 155
51, 23, 155
50, 21, 154
48, 18, 154
47, 16, 153
46, 14, 152
45, 12, 151
44, 11, 150
42, 9, 149
41, 7, 148
40, 6, 147
38, 4, 146
37, 3, 144
36, 2, 143
34, 1, 141
33, 0, 140
32, -1, 139
30, -2, 137
29, -3, 136
28, -3, 134
27, -4, 133
25, -5, 131
24, -5, 130
23, -6, 128
22, -6, 127
21, -6, 125
20, -6, 124
19, -7, 122
18, -7, 121
17, -7, 120
16, -7, 118
15, -7, 117
14, -7, 116
13, -7, 114
13, -7, 113
12, -7, 112
11, -7, 111
10, -7, 109
10, -7, 108
9, -7, 107
8, -7, 106
8, -7, 105
7, -7, 103
7, -7, 102
6, -7, 101
6, -7, 100
5, -7, 99
5, -6, 98
4, -6, 97
4, -6, 96
3, -6, 95
3, -6, 94
3, -6, 93
2, -6, 92
2, -6, 91
2, -6, 90
1, -6, 89
1, -6, 88
1, -6, 87
1, -6, 86
0, -6, 85
0, -6, 84
0, -5, 83
0, -5, 83
-1, -5, 82
-1, -5, 81
-1, -5, 80
-1, -5, 79
-1, -5, 78
-1, -5, 77
-2, -5, 77
-2, -5, 76
-2, -5, 75
-2, -5, 74
-2, -5, 74
-2, -6, 73
-2, -6, 72
-3, -6, 71
-3, -6, 71
-3, -6, 70
-3, -6, 69
-3, -6, 68
-3, -6, 68
-3, -6, 67
-3, -6, 66
-3, -6, 66
-4, -6, 65
-4, -6, 64
-4, -7, 64
-4, -7, 63
-4, -7, 62
-4, -7, 62
-4, -7, 61
-4, -7, 60
-4, -7, 60
-5, -8, 59
-5, -8, 59
-5, -8, 58
-5, -8, 57
-5, -8, 57
-5, -9, 56
-5, -9, 56
-5, -9, 55
-6, -9, 55
-6, -10, 54
-6, -10, 54
-6, -10, 53
-6, -10, 53
-6, -11, 52
-7, -11, 52
-7, -11, 51
-7, -12, 51
-7, -12, 50
-7, -12, 50
-7, -13, 49
-8, -13, 49
-8, -13, 48
-8, -14, 48
-8, -14, 48
-9, -15, 47
-9, -15, 47
-9, -16, 46
-9, -16, 46
-10, -17, 46
-10, -17, 45
-10, -18, 45
-10, -18, 45
-11, -19, 44
-11, -19, 44
-11, -20, 44
-12, -21, 44
-12, -21, 43
-12, -22, 43
-13, -23, 43
-13, -23, 43
-14, -24, 43
-14, -25, 43
-14, -26, 42
-15, -27, 42
-15, -28, 42
-16, -28, 42
-16, -29, 42
-17, -30, 42
-17, -31, 42
-18, -32, 42
-18, -33, 42
-19, -34, 42
-20, -36, 43
-20, -37, 43
-21, -38, 43
-22, -39, 43
-22, -40, 44
-23, -42, 44
-24, -43, 45
-24, -44, 45
-25, -46, 46
-26, -47, 46
-27, -49, 47
-28, -50, 48
-29, -52, 48
-29, -53, 49
-30, -55, 50
-31, -56, 51
-32, -58, 52
-33, -59, 54
-34, -61, 55
-35, -63, 56
-36, -64, 58
-38, -66, 60
-39, -68, 61
-40, -69, 63
-41, -71, 65
-42, -72, 67
-43, -74, 69
-44, -75, 72
-46, -77, 74
-47, -78, 77
-48, -79, 79
-49, -80, 82
-51, -82, 85
-52, -83, 88
-53, -83, 91
-54, -84, 95
-55, -85, 98
-56, -85, 102
-58, -85, 105
-59, -85, 109
-60, -85, 112
-61, -85, 116
-62, -84, 120
-62, -83, 124
-63, -82, 127
-64, -81, 131
-65, -79, 135
-65, -78, 138
-66, -76, 142
-66, -73, 145
-66, -71, 148
-67, -68, 151
-67, -66, 154
-67, -63, 156
-66, -59, 159
-66, -56, 161
-66, -53, 163
-65, -49, 164
-65, -46, 166
-64, -42, 167
-63, -39, 168
-62, -35, 168
-61, -31, 169
-60, -28, 169
-59, -24, 169
-57, -21, 168
-56, -18, 168
-54, -15, 167
-53, -12, 166
-51, -9, 165
-50, -6, 163
-48, -4, 162
-46, -2, 160
-44, 1, 159
-43, 3, 157
-41, 5, 155
-39, 6, 153
-37, 8, 152
-36, 9, 150
-34, 10, 148
-32, 12, 146
-30, 13, 144
-29, 14, 142
-27, 14, 140
-25, 15, 138
-24, 16, 137
-22, 16, 135
-21, 17, 133
-19, 17, 131
-18, 17, 130
-17, 17, 128
-15, 18, 126
-14, 18, 125
-13, 18, 123
-12, 18, 122
-10, 18, 120
-9, 18, 119
-8, 18, 117
-7, 18, 116
-6, 18, 115
-5, 18, 113
-4, 18, 112
-4, 18, 111
-3, 18, 110
-2, 18, 108
-1, 17, 107
0, 17, 106
0, 17, 105
1, 17, 104
2, 17, 103
2, 17, 102
3, 17, 101
3, 17, 100
4, 17, 99
4, 17, 98
5, 17, 97
5, 17, 96
6, 17, 95
6, 17, 94
7, 17, 93
7, 17, 92
7, 17, 92
8, 17, 91
8, 17, 90
9, 18, 89
9, 18, 88
9, 18, 88
10, 18, 87
10, 18, 86
10, 18, 86
11, 19, 85
11, 19, 84
11, 19, 83
12, 19, 83
12, 20, 82
12, 20, 82
12, 20, 81
13, 20, 80
13, 21, 80
13, 21, 79
14, 21, 79
14, 22, 78
14, 22, 78
15, 23, 77
15, 23, 77
15, 23, 76
15, 24, 76
16, 24, 75
16, 25, 75
16, 25, 75
17, 26, 74
17, 26, 74
18, 27, 74
18, 27, 73
18, 28, 73
19, 29, 73
19, 29, 73
19, 30, 72
20, 30, 72
20, 31, 72
21, 32, 72
21, 32, 72
22, 33, 72
22, 34, 72
22, 35, 72
23, 35, 72
23, 36, 72
24, 37, 72
24, 38, 72
25, 39, 72
25, 39, 73
26, 40, 73
27, 41, 73
27, 42, 73
28, 43, 74
28, 44, 74
29, 45, 75
30, 45, 75
30, 46, 76
31, 47, 76
31, 48, 77
32, 49, 78
33, 50, 78
33, 51, 79
34, 52, 80
35, 52, 81
35, 53, 82
36, 54, 83
37, 55, 84
38, 56, 85
38, 56, 86
39, 57, 88
40, 58, 89
40, 58, 90
41, 59, 92
42, 60, 93
42, 60, 95
43, 61, 96
44, 61, 98
45, 61, 100
45, 62, 101
46, 62, 103
46, 62, 105
47, 62, 106
48, 62, 108
48, 62, 110
49, 62, 112
49, 62, 114
50, 61, 116
50, 61, 117
51, 60, 119
51, 60, 121
51, 59, 123
52, 58, 124
52, 57, 126
52, 56, 128
52, 55, 129
52, 54, 131
52, 53, 132
52, 52, 134
52, 50, 135
52, 49, 136
52, 47, 137
52, 46, 138
52, 44, 139
51, 43, 140
51, 41, 141
51, 39, 141
50, 38, 142
50, 36, 142
49, 34, 143
49, 33, 143
48, 31, 143
47, 30, 143
47, 28, 143
46, 26, 143
45, 25, 142
44, 23, 142
44, 22, 142
43, 21, 141
42, 19, 141
41, 18, 140
40, 17, 139
39, 16, 138